run,ml_accuracy,ml_f1,rule_accuracy,rule_f1,hybrid_accuracy,hybrid_f1
1,0.6965065502183406,0.6963523688186445,0.5800582241630277,0.5721422234360077,0.6171761280931587,0.6018499418000012
2,0.6972343522561864,0.6960267626773611,0.586608442503639,0.5803456385576978,0.617721979621543,0.6041905124570408
3,0.6919577874818049,0.6901162935766193,0.5869723435225619,0.5791049608763132,0.6089883551673945,0.5948513032869257
4,0.6925036390101892,0.6925274592403238,0.5858806404657934,0.5786603736887878,0.616448326055313,0.6027267479974975
5,0.6932314410480349,0.6915510327285591,0.5782387190684134,0.5707493482620966,0.6117176128093159,0.6022873044847816
6,0.6915938864628821,0.6923223361494197,0.5946142649199417,0.5892502118504293,0.6209970887918487,0.6069569427176962
7,0.6928675400291121,0.69295963175581,0.5856986899563319,0.5796871100704831,0.6159024745269287,0.6002752072647931
8,0.7021470160116449,0.7021063779551691,0.5873362445414847,0.5801877725369643,0.6200873362445415,0.6071522620869674
9,0.6844978165938864,0.6847114467284396,0.5820596797671034,0.5759430510815405,0.6091703056768559,0.5934048376786485
10,0.7065138282387191,0.7069046757210091,0.5871542940320232,0.5823547267747253,0.6124454148471615,0.5993549970040677
11,0.6955967976710334,0.6953422359044111,0.5909752547307132,0.5827064498206881,0.6209970887918487,0.6062027227049267
12,0.6784934497816594,0.6792276400932908,0.5806040756914119,0.5733187176117579,0.6253639010189228,0.6092527400277711
13,0.6901382823871907,0.6882981368443142,0.5798762736535662,0.5700146298430836,0.6109898107714702,0.5964620914070303
14,0.6935953420669578,0.693011382047165,0.5842430858806404,0.577377307039226,0.6162663755458515,0.6041269249445668
15,0.6985080058224163,0.6979003941351417,0.5915211062590975,0.5864174934781052,0.6162663755458515,0.6050193568931843
16,0.6903202328966521,0.6891593421252286,0.587882096069869,0.5812282430552933,0.6155385735080058,0.6051876954517165
17,0.6901382823871907,0.690911609486382,0.5846069868995634,0.5786925647202318,0.6159024745269287,0.6019755120146731
18,0.6961426491994177,0.6968053573083791,0.5929767103347889,0.5875098013637253,0.6213609898107715,0.608542935188829
19,0.6877729257641921,0.6885179316772897,0.5802401746724891,0.5741870349688235,0.6146288209606987,0.6015038111366312
20,0.6999636098981077,0.7000438524719496,0.5877001455604076,0.5827218710310772,0.6242721979621543,0.6118900272183935
21,0.6959606986899564,0.6950711362326389,0.5867903930131004,0.5805602741711214,0.625,0.6131354703177349
22,0.7039665211062591,0.7039535307427781,0.5784206695778749,0.5738973494473657,0.6148107714701602,0.6029906447808773
23,0.6888646288209607,0.6873857363584209,0.5776928675400291,0.5714516533273389,0.6204512372634643,0.6084766274910799
24,0.6910480349344978,0.6901433002193987,0.5915211062590975,0.5852128557744356,0.6193595342066958,0.6061578102914483
25,0.6897743813682679,0.6901774094987717,0.5864264919941776,0.5819062989560363,0.61608442503639,0.6009724588180344
26,0.6999636098981077,0.7000998004223752,0.5867903930131004,0.5816573122550833,0.6128093158660844,0.5981074877514672
27,0.6828602620087336,0.6825678855019065,0.5818777292576419,0.5740607588505783,0.6188136826783115,0.6033548387249454
28,0.6923216885007278,0.6921409197432151,0.5816957787481805,0.5752552993783234,0.6235443959243085,0.6109494937355286
29,0.6879548762736536,0.687378438934596,0.5789665211062591,0.5735177506007308,0.6140829694323144,0.6006698052560943
30,0.7010553129548762,0.7017933725646656,0.589155749636099,0.5836143469762672,0.6204512372634643,0.605799487696106
31,0.700509461426492,0.7006095295588795,0.5833333333333334,0.5768970678623828,0.6097161572052402,0.5962296132999881
32,0.6883187772925764,0.6881096207519218,0.5949781659388647,0.5883845079575744,0.6197234352256187,0.6052111512894619
33,0.6983260553129549,0.6996564486876674,0.5882459970887919,0.5824737170607245,0.6208151382823872,0.6070492686875216
34,0.6986899563318777,0.6979571081562789,0.5911572052401747,0.5867990712812363,0.613901018922853,0.6030415248253885
35,0.6905021834061136,0.6898267015411061,0.5966157205240175,0.5912611044746386,0.6162663755458515,0.6018635616161657
36,0.6970524017467249,0.6957782637687027,0.5844250363901019,0.5783290682712383,0.6146288209606987,0.6002170931251741
37,0.6925036390101892,0.6916440141185568,0.5829694323144105,0.5790104716225565,0.6060771470160117,0.5924817233978993
38,0.7043304221251819,0.7023977443793892,0.5909752547307132,0.5848982987515378,0.61990538573508,0.6088617620071769
39,0.7001455604075691,0.6999911197605003,0.5940684133915575,0.5861518032410363,0.6248180494905385,0.6103545066199912
40,0.6874090247452693,0.6873877658036074,0.5933406113537117,0.5862851017545875,0.6206331877729258,0.6033591663200863
41,0.6795851528384279,0.6791522300107969,0.5753275109170306,0.5711385298574863,0.608806404657933,0.5963271802899358
42,0.6872270742358079,0.6862407847123203,0.5820596797671034,0.5760871188041218,0.6064410480349345,0.5917962716213708
43,0.6919577874818049,0.691835476195898,0.5800582241630277,0.5752906548469509,0.6068049490538574,0.5940105730696849
44,0.7036026200873362,0.7038551500607356,0.5918850072780204,0.5860807527337961,0.6264556040756915,0.6112990548254623
45,0.6885007278020379,0.6901156161352154,0.590429403202329,0.5853221483001647,0.6233624454148472,0.6079593907337472
46,0.6986899563318777,0.6980433336709337,0.5955240174672489,0.5880524774406232,0.61608442503639,0.6014806616018761
47,0.6897743813682679,0.6896960561520301,0.5722343522561864,0.5668195056834436,0.6131732168850073,0.5991728176669487
48,0.6925036390101892,0.6930814728983122,0.5818777292576419,0.5761062488008464,0.6133551673944687,0.5997960315481125
49,0.6804949053857351,0.6814267998599469,0.5793304221251819,0.5745381440217346,0.6180858806404658,0.603979557000034
50,0.6952328966521106,0.6941714323102128,0.590429403202329,0.583134607991323,0.6213609898107715,0.6084450045570385
51,0.6994177583697234,0.6981304437949433,0.5871542940320232,0.5809906727341364,0.6208151382823872,0.605679333431845
52,0.6863173216885007,0.6865584137918236,0.5749636098981077,0.5700218632394635,0.6168122270742358,0.6028217908110364
53,0.6995997088791849,0.6984397672973713,0.5884279475982532,0.5816010077628387,0.6213609898107715,0.6070529760024488
54,0.6941411935953421,0.6934955415443679,0.5871542940320232,0.5802462334308437,0.6168122270742358,0.6032648826405512
55,0.6894104803493449,0.6894537134508484,0.574235807860262,0.5655001950884992,0.6204512372634643,0.6061453672053716
56,0.7012372634643377,0.7002761621570835,0.5760553129548762,0.5703755868287339,0.6169941775836972,0.6033730050050564
57,0.6870451237263464,0.6866947111661053,0.5851528384279476,0.5802048626561936,0.6206331877729258,0.6072527704357511
58,0.6981441048034934,0.6993893696426122,0.5864264919941776,0.5831973431512699,0.6273653566229985,0.6142893783754729
59,0.6925036390101892,0.6923161794740377,0.5887918486171762,0.581067606131365,0.6109898107714702,0.5972871608567943
60,0.6895924308588064,0.6900724984222352,0.5873362445414847,0.5814018642610075,0.6248180494905385,0.6100475858051281
61,0.6952328966521106,0.6951606066572175,0.5787845705967977,0.5704082561993459,0.6179039301310044,0.6063414751383421
62,0.6883187772925764,0.6885720074327563,0.5869723435225619,0.579901790580638,0.61863173216885,0.6041909965922697
63,0.6945050946142649,0.6955465219074112,0.5906113537117904,0.583979281839286,0.6231804949053857,0.609817873707993
64,0.6932314410480349,0.6938469635130348,0.5740538573508006,0.5690305063349211,0.6191775836972343,0.6060516714596738
65,0.6950509461426492,0.6940056104978877,0.5975254730713246,0.5913013971108532,0.6191775836972343,0.6051215616219952
66,0.6972343522561864,0.6984228471439348,0.590429403202329,0.5870565855160214,0.6324599708879185,0.6174980872643007
67,0.6866812227074236,0.6874441781961932,0.5802401746724891,0.5734267963140364,0.6128093158660844,0.6009015457669155
68,0.7003275109170306,0.7000048413355341,0.5882459970887919,0.5819547045034215,0.6209970887918487,0.6072648039041098
69,0.6919577874818049,0.6922693586439653,0.5886098981077147,0.5826499389268093,0.6226346433770015,0.6088880794056833
70,0.7008733624454149,0.7009774176891973,0.5909752547307132,0.5862264991846132,0.61735807860262,0.6043158113509365
71,0.6888646288209607,0.6892452286550026,0.5991630276564774,0.592387317699485,0.6206331877729258,0.6049064419670133
72,0.6937772925764192,0.6942486974892756,0.5902474526928675,0.5833173979715901,0.6233624454148472,0.6083673490009226
73,0.6915938864628821,0.6920711819592004,0.5926128093158661,0.5884490550979451,0.6184497816593887,0.6026140812984954
74,0.6968704512372634,0.6972233876863024,0.5931586608442504,0.5868546535665305,0.6191775836972343,0.6068383199689085
75,0.6959606986899564,0.6968101800554877,0.5827874818049491,0.577643906106958,0.61863173216885,0.6044775389074495
76,0.6879548762736536,0.6856564409062083,0.5884279475982532,0.5806495092204366,0.611353711790393,0.6015716100158821
77,0.6903202328966521,0.6893087041720274,0.5829694323144105,0.5770953829963714,0.6197234352256187,0.6090327872734139
78,0.6874090247452693,0.6880540891127209,0.5809679767103348,0.5762286875170309,0.620269286754003,0.6071549410268648
79,0.6974163027656477,0.6972286399037384,0.5884279475982532,0.5815445917121793,0.6166302765647744,0.6017179704933132
80,0.6919577874818049,0.6925475157864435,0.5822416302765647,0.5760296522305136,0.613901018922853,0.5991281172934583
81,0.6921397379912664,0.692390464596555,0.589155749636099,0.5850337377519167,0.6118995633187773,0.5973322698654125
82,0.6864992721979621,0.68533350325912,0.5827874818049491,0.575957838097596,0.6084425036390102,0.5951229715948838
83,0.7008733624454149,0.701136337166017,0.5842430858806404,0.5788407078072656,0.612627365356623,0.5953876317916403
84,0.6874090247452693,0.6878010537864925,0.585334788937409,0.5794605144340935,0.6226346433770015,0.6078054771780016
85,0.6910480349344978,0.6922596438754285,0.5818777292576419,0.5764852543933768,0.6131732168850073,0.5979612263918278
86,0.6983260553129549,0.700143048695938,0.5873362445414847,0.5832559579008992,0.6228165938864629,0.6093983151229209
87,0.6921397379912664,0.6903842855383783,0.5987991266375546,0.5902872557658095,0.6226346433770015,0.6106544766641502
88,0.6923216885007278,0.692698654005245,0.5851528384279476,0.5802995904331346,0.6259097525473072,0.6120581868696652
89,0.6946870451237264,0.6941305381686647,0.5787845705967977,0.5730655241222429,0.61990538573508,0.6074196789265911
90,0.6981441048034934,0.6990761278787692,0.5793304221251819,0.5744851229303681,0.615174672489083,0.6005207521409414
91,0.7010553129548762,0.7028025565287357,0.5953420669577875,0.5902902224814942,0.6293668122270742,0.6146207534412959
92,0.6830422125181951,0.6830742446364871,0.5815138282387191,0.5754974602065915,0.616448326055313,0.6034736688698616
93,0.6990538573508006,0.6980908203726072,0.5886098981077147,0.5799916563580608,0.6171761280931587,0.6017109300508724
94,0.6919577874818049,0.6922828312760592,0.5851528384279476,0.5786617820827793,0.6082605531295487,0.5948879754912136
95,0.6906841339155749,0.6901222576711606,0.5922489082969432,0.5851663429646975,0.6217248908296943,0.6062273951831415
96,0.6844978165938864,0.6846737845706595,0.5871542940320232,0.5794367780121088,0.6131732168850073,0.5971672991134717
97,0.6879548762736536,0.688866092095855,0.5953420669577875,0.589957587087666,0.62627365356623,0.612529296676659
98,0.6930494905385735,0.6937336480719919,0.5838791848617176,0.5789616818445646,0.6168122270742358,0.6021799741251569
99,0.7050582241630277,0.7066740944837845,0.5875181950509462,0.5820451514729017,0.6270014556040757,0.6115721688063694
100,0.6952328966521106,0.6952929409541441,0.5900655021834061,0.5847832933357165,0.6120815138282387,0.5960514990323529
101,0.6946870451237264,0.6960511595354878,0.5887918486171762,0.5834537313127045,0.6240902474526928,0.6071181092552212
102,0.6905021834061136,0.6901839521166796,0.5780567685589519,0.5691755382162883,0.6142649199417758,0.599403746970765
103,0.6859534206695779,0.6851486775115121,0.5917030567685589,0.584808907243395,0.616448326055313,0.6014269470535867
104,0.6977802037845706,0.6975881296833218,0.5725982532751092,0.5650307441023991,0.616448326055313,0.6024629932822468
105,0.7003275109170306,0.6997081856507389,0.5864264919941776,0.5801502805031616,0.6153566229985444,0.6000207876002398
106,0.6881368267831149,0.6888017929525226,0.5836972343522562,0.5771898372398298,0.6179039301310044,0.6032327680507794
107,0.6915938864628821,0.6904251552742006,0.585334788937409,0.576412568185351,0.6244541484716157,0.6111959142753521
108,0.6948689956331878,0.6939789505609286,0.5897016011644832,0.5821790757379252,0.6255458515283843,0.6106237217734952
109,0.6844978165938864,0.6836413340054359,0.584061135371179,0.5780494085349722,0.6159024745269287,0.601926785874722
110,0.6963245997088792,0.6959316302743899,0.5818777292576419,0.5771942105678547,0.6180858806404658,0.6049162031914724
111,0.6959606986899564,0.695812061923533,0.5791484716157205,0.5729024499807247,0.6082605531295487,0.5949895511699671
112,0.6968704512372634,0.6982145979518667,0.589155749636099,0.5843469876178876,0.6328238719068413,0.618647638848492
113,0.6923216885007278,0.691689113844271,0.5782387190684134,0.5723629452725657,0.6157205240174672,0.60418328110217
114,0.6864992721979621,0.686067328632471,0.5822416302765647,0.5769744206042268,0.6209970887918487,0.6070430664446328
115,0.7056040756914119,0.705725984951885,0.5962518195050946,0.5889072090191906,0.6182678311499272,0.6047790177862793
116,0.6903202328966521,0.6902533003354007,0.5907933042212519,0.585025508245648,0.6142649199417758,0.5986613674063742
117,0.6812227074235808,0.6791958123119214,0.5873362445414847,0.580704364380284,0.608806404657933,0.596130280772276
118,0.6834061135371179,0.6833997571863927,0.5895196506550219,0.5821951600556381,0.6184497816593887,0.6041070411562856
119,0.6894104803493449,0.6895084686981461,0.5855167394468704,0.5792316411847168,0.6180858806404658,0.6038901624426587
120,0.6952328966521106,0.6955174771644224,0.5933406113537117,0.587829793162149,0.6217248908296943,0.6069855913356546
121,0.6864992721979621,0.6875760025032616,0.5776928675400291,0.5728198328116767,0.6159024745269287,0.6010442849253493
122,0.6941411935953421,0.6942408866453723,0.5833333333333334,0.5804060317440631,0.613901018922853,0.6012099664051097
123,0.6901382823871907,0.6898141896700336,0.5833333333333334,0.5788958670808166,0.6129912663755459,0.5990948045453455
124,0.7010553129548762,0.7013870799370233,0.5907933042212519,0.5859796260261607,0.62882096069869,0.6130956012761172
125,0.6955967976710334,0.6955560113111207,0.5862445414847162,0.5810412882020232,0.6135371179039302,0.6015145286616475
126,0.6870451237263464,0.6892606267771804,0.5813318777292577,0.5760101033148876,0.6242721979621543,0.6094374732511215
127,0.6824963609898108,0.6835324368999666,0.5833333333333334,0.577810547072111,0.6204512372634643,0.6061266223202537
128,0.6841339155749636,0.6857152907794238,0.5911572052401747,0.5862920616814234,0.6228165938864629,0.6094557692932819
129,0.7023289665211062,0.7020063479447903,0.5944323144104804,0.5877895480278345,0.61863173216885,0.6024813765842246
130,0.6834061135371179,0.6836275685108406,0.5849708879184862,0.5796655698640744,0.61735807860262,0.6040563640270573
131,0.6948689956331878,0.6958898967091516,0.5855167394468704,0.5795193708581602,0.6208151382823872,0.6054227140023917
132,0.7034206695778749,0.7042397451148293,0.5867903930131004,0.5806522503306893,0.625,0.6103728592902189
133,0.6866812227074236,0.6865885621429143,0.5875181950509462,0.5823313898472331,0.6180858806404658,0.6034797147887575
134,0.6908660844250364,0.6913589779423513,0.5806040756914119,0.5729529841339046,0.61735807860262,0.601424421714847
135,0.700509461426492,0.6996875661436378,0.5967976710334789,0.5922361262471068,0.6197234352256187,0.6031627166933453
136,0.6885007278020379,0.6890993686684203,0.5846069868995634,0.5801399092849334,0.6129912663755459,0.600496648622625
137,0.6990538573508006,0.7003871520768484,0.5836972343522562,0.5789708693212476,0.6228165938864629,0.6104878450460408
138,0.6932314410480349,0.6938348217527368,0.5804221251819505,0.5738811853969569,0.6231804949053857,0.6103826530221611
139,0.6870451237263464,0.6872602299411733,0.575509461426492,0.5701411184454447,0.6020742358078602,0.588901646859402
140,0.6950509461426492,0.6952363585702406,0.5931586608442504,0.5870378195246664,0.6142649199417758,0.6009304335376715
141,0.7012372634643377,0.7016443662314708,0.5869723435225619,0.5832861868707063,0.6077147016011645,0.5935360235525897
142,0.6950509461426492,0.6957395762043702,0.5869723435225619,0.5800628303514269,0.618995633187773,0.6033586588362598
143,0.6925036390101892,0.6926389840211105,0.5829694323144105,0.5785459621084507,0.6193595342066958,0.604188216718744
144,0.6937772925764192,0.694274494345185,0.5864264919941776,0.5810294279818148,0.6193595342066958,0.6057115084995129
145,0.6901382823871907,0.6902669098795339,0.5802401746724891,0.5745819449011862,0.6146288209606987,0.5998773688181398
146,0.6952328966521106,0.6957081993757926,0.5849708879184862,0.5791330181106626,0.6135371179039302,0.6006007252072817
147,0.6843158660844251,0.683998832498963,0.5820596797671034,0.5760543051799215,0.6217248908296943,0.6078448207343551
148,0.6908660844250364,0.6913054699559041,0.5824235807860262,0.575827885133321,0.6102620087336245,0.5957613065644514
149,0.6870451237263464,0.6873952177261061,0.5849708879184862,0.57912171024551,0.6089883551673945,0.5950847887998086
150,0.6988719068413392,0.6974423603108769,0.589155749636099,0.5805999247768864,0.6179039301310044,0.6032107597469014
151,0.6955967976710334,0.6957458478389386,0.5804221251819505,0.5754676693205155,0.6171761280931587,0.6014753676730752
152,0.6921397379912664,0.694545448081921,0.5847889374090247,0.5812379565097386,0.617721979621543,0.604764299887165
153,0.6848617176128093,0.6842143677850561,0.5766011644832606,0.5686353802423474,0.6117176128093159,0.5975460163909064
154,0.7037845705967977,0.7035919651917343,0.5847889374090247,0.5783138468103193,0.61735807860262,0.6055539657436385
155,0.7003275109170306,0.701143341526854,0.5917030567685589,0.5867725092209496,0.61990538573508,0.6064914534015817
156,0.6932314410480349,0.6924138353871285,0.5804221251819505,0.5734577595948802,0.605349344978166,0.5920387610907435
157,0.6912299854439592,0.6918512942804091,0.5924308588064047,0.5876180962364198,0.6179039301310044,0.6040715027839622
158,0.6919577874818049,0.6929098428443785,0.5877001455604076,0.5814928978297821,0.6159024745269287,0.6024834935416098
159,0.6915938864628821,0.6920091364508015,0.5907933042212519,0.5862118840157202,0.6264556040756915,0.6145143511931884
160,0.6906841339155749,0.6903360090595293,0.5809679767103348,0.5745425205529872,0.608806404657933,0.5953673387199249
161,0.6943231441048034,0.6936792689547359,0.5937045123726347,0.5889166791017783,0.6182678311499272,0.6051571516424262
162,0.6943231441048034,0.6945948336474935,0.5816957787481805,0.5746224772941982,0.6168122270742358,0.5991113153334268
163,0.6846797671033479,0.6845906126107159,0.5820596797671034,0.5763423638713667,0.608806404657933,0.5950582677397449
164,0.6948689956331878,0.6944000057715272,0.5864264919941776,0.5789184035956693,0.6242721979621543,0.6116168917561465
165,0.7094250363901019,0.7087480252679551,0.587882096069869,0.5817655149622855,0.6248180494905385,0.6118108217025505
166,0.6952328966521106,0.6962124366174928,0.5933406113537117,0.5910140824081727,0.625,0.6123854622585254
167,0.7052401746724891,0.7058154462935909,0.5877001455604076,0.5821837759925036,0.6240902474526928,0.6087885222346667
168,0.6935953420669578,0.6930829545226388,0.5831513828238719,0.5782268007549823,0.6080786026200873,0.5920679968920128
169,0.6985080058224163,0.6983804025258196,0.586608442503639,0.5821486720910686,0.6229985443959243,0.6086047672792153
170,0.6928675400291121,0.6922353242687241,0.5862445414847162,0.5791027509136324,0.6239082969432315,0.6113649147239197
171,0.7016011644832606,0.7011930088816127,0.5907933042212519,0.583908434228988,0.6273653566229985,0.6126398761471056
172,0.6844978165938864,0.6852670828987996,0.5745997088791849,0.569344696305819,0.6133551673944687,0.5982001928568373
173,0.6850436681222707,0.6842303702101306,0.5862445414847162,0.5804820128439961,0.6106259097525473,0.5964798572475513
174,0.6855895196506551,0.6860861363322397,0.5804221251819505,0.5735271841773218,0.6219068413391557,0.6068598782110638
175,0.6903202328966521,0.6915749545376837,0.5778748180494906,0.5707361993728179,0.617721979621543,0.6038707752914149
176,0.6899563318777293,0.6890092270884486,0.5806040756914119,0.5745495852296271,0.61608442503639,0.6022235470355873
177,0.6764919941775837,0.6758408231941851,0.5877001455604076,0.5827033433319757,0.6104439592430859,0.5974820779333512
178,0.6917758369723436,0.6920521145625855,0.5718704512372634,0.5673796615859467,0.610080058224163,0.597544696568128
179,0.6963245997088792,0.6943132601625787,0.586608442503639,0.5797235331127774,0.61735807860262,0.6043824312781783
180,0.6966885007278021,0.6958569271543166,0.5933406113537117,0.5864236741115058,0.6162663755458515,0.6015431595288974
181,0.6863173216885007,0.6859835196328873,0.5800582241630277,0.5728297272927412,0.6104439592430859,0.595486820679563
182,0.6883187772925764,0.6879027301641328,0.5789665211062591,0.5716865884569039,0.6122634643377002,0.5972069265852484
183,0.6946870451237264,0.6950143263037255,0.5791484716157205,0.5726599188011405,0.6270014556040757,0.6113200536813462
184,0.7036026200873362,0.7032955932757367,0.5933406113537117,0.58705872767062,0.6131732168850073,0.6005831549170589
185,0.7061499272197962,0.7060732947453251,0.5900655021834061,0.5851508872516469,0.6153566229985444,0.602963669397344
186,0.6941411935953421,0.6945436882483321,0.5795123726346434,0.5735984677449094,0.6293668122270742,0.6155885121790868
187,0.6892285298398836,0.6891756283441977,0.597707423580786,0.5912791012636543,0.6226346433770015,0.6072608364661273
188,0.6972343522561864,0.6957940089497926,0.5913391557496361,0.5830048155109288,0.613901018922853,0.5967236715330099
189,0.7019650655021834,0.7019619898666343,0.5867903930131004,0.580779087247171,0.6140829694323144,0.5999481252047012
190,0.6910480349344978,0.6885296667929951,0.5800582241630277,0.5719667115937331,0.6051673944687045,0.591839242579941
191,0.7034206695778749,0.7044226345959238,0.5847889374090247,0.5809297909811676,0.6271834061135371,0.6143260622952718
192,0.6821324599708879,0.6831992606900467,0.5818777292576419,0.5754680332846966,0.6246360989810772,0.6090038153588929
193,0.699235807860262,0.6997634864689347,0.5940684133915575,0.590282535507968,0.6246360989810772,0.6118391732708902
194,0.6928675400291121,0.6928852020355226,0.5880640465793304,0.5817887087894936,0.620269286754003,0.607816156537421
195,0.6855895196506551,0.6850056805727176,0.5938864628820961,0.5892377057582846,0.6206331877729258,0.6080081101188636
196,0.6935953420669578,0.6929118863777871,0.5867903930131004,0.5803949137308656,0.6144468704512372,0.6017823220665245
197,0.6932314410480349,0.6932078109540393,0.5929767103347889,0.5896792957482523,0.6144468704512372,0.6007917566712088
198,0.6995997088791849,0.699109341257265,0.5982532751091703,0.592420528720074,0.6209970887918487,0.6079780887987151
199,0.699235807860262,0.698219799373109,0.5978893740902474,0.5912400076605683,0.6182678311499272,0.6039179172592153
200,0.6970524017467249,0.6974450185292889,0.5864264919941776,0.5805528649246905,0.6179039301310044,0.6037544754250707
201,0.6952328966521106,0.6950843196415888,0.5942503639010189,0.589929666501044,0.6206331877729258,0.6067846409320808
202,0.6910480349344978,0.691913975764397,0.5856986899563319,0.578990839781656,0.6295487627365357,0.6138974572072202
203,0.6912299854439592,0.6918186319929945,0.5838791848617176,0.577469260234283,0.625,0.6108751657208988
204,0.6990538573508006,0.6981918053180838,0.5884279475982532,0.58095448682149,0.62245269286754,0.6099224045146666
205,0.6828602620087336,0.6822632748735843,0.5824235807860262,0.5761654339935007,0.6133551673944687,0.599256827209448
206,0.6890465793304221,0.6902182138141729,0.5771470160116449,0.5722615738462405,0.6195414847161572,0.6044732196128625
207,0.6863173216885007,0.686180674985701,0.5836972343522562,0.5777002203827384,0.6093522561863173,0.595426804097189
208,0.6863173216885007,0.6877017963218491,0.5791484716157205,0.5745457977743036,0.6169941775836972,0.6026678578584114
209,0.6866812227074236,0.6862194615892747,0.5833333333333334,0.5775260545431095,0.6017103347889374,0.5878789704802982
210,0.6861353711790393,0.687337915947147,0.5860625909752547,0.5810594143497565,0.6239082969432315,0.6100351150261183
211,0.7003275109170306,0.700680863469825,0.5822416302765647,0.5749771383367254,0.6244541484716157,0.6115618076009274
212,0.6970524017467249,0.6970135762458817,0.584061135371179,0.5776823122903921,0.612627365356623,0.598335050580923
213,0.6966885007278021,0.6966192733823666,0.5875181950509462,0.5813047048986493,0.6169941775836972,0.6013529120983563
214,0.6972343522561864,0.6977117043911839,0.5867903930131004,0.5800332635426844,0.613901018922853,0.6008745875455573
215,0.6928675400291121,0.6920595298265172,0.5833333333333334,0.5780319343282619,0.6098981077147017,0.5967780364304782
216,0.6881368267831149,0.6881898307200404,0.5895196506550219,0.5814253890754378,0.6246360989810772,0.6069122797625036
217,0.7028748180494906,0.7028820123493821,0.587882096069869,0.5828431102644026,0.6220887918486172,0.6087235321048187
218,0.6908660844250364,0.6924137269911318,0.5786026200873362,0.5743347729991204,0.620269286754003,0.6079393798614768
219,0.6943231441048034,0.694768186263659,0.5833333333333334,0.5779892462630045,0.6253639010189228,0.6134462933142104
220,0.6961426491994177,0.6962418938200146,0.5829694323144105,0.5779406683632716,0.6197234352256187,0.6075203259494225
221,0.6866812227074236,0.6875544190628345,0.5855167394468704,0.5795106262788999,0.6171761280931587,0.601656056373458
222,0.6912299854439592,0.6920224254150522,0.5911572052401747,0.5860307789392141,0.612627365356623,0.5980077892788226
223,0.6959606986899564,0.6969637214349369,0.5877001455604076,0.5824160513392553,0.6259097525473072,0.6106389773303033
224,0.7039665211062591,0.7052851946581186,0.5947962154294032,0.5906818899862913,0.6248180494905385,0.6118503965327969
225,0.6932314410480349,0.6929181978823026,0.5906113537117904,0.5821306851192934,0.6159024745269287,0.600128118299087
226,0.6934133915574964,0.6943607004570008,0.584061135371179,0.5808654281929072,0.6153566229985444,0.6038770411620163
227,0.6932314410480349,0.6919270509095204,0.5793304221251819,0.5730186592462264,0.6117176128093159,0.6000343956627884
228,0.6937772925764192,0.6944734735948215,0.5869723435225619,0.5822899184155598,0.6140829694323144,0.6003365942388535
229,0.6914119359534207,0.6904463658098968,0.5793304221251819,0.573115120502716,0.6193595342066958,0.6054410492529719
230,0.6823144104803494,0.6830702939496346,0.5836972343522562,0.5776684578724227,0.615174672489083,0.6000415543665345
231,0.6877729257641921,0.6880940177553999,0.5831513828238719,0.577130889373399,0.6228165938864629,0.6090471231575482
232,0.6959606986899564,0.6973106266917819,0.5927947598253275,0.5867937526950951,0.6228165938864629,0.6078711804156743
233,0.6804949053857351,0.6795609736428503,0.5796943231441049,0.5738461907402125,0.6044395924308588,0.5938606054372793
234,0.7003275109170306,0.6999966271973911,0.5762372634643377,0.5698874843670627,0.6148107714701602,0.6017510255424211
235,0.6995997088791849,0.7002842038869294,0.5946142649199417,0.5872800958868071,0.63009461426492,0.6153428746895271
236,0.711608442503639,0.7122160504877488,0.5875181950509462,0.5841035532979365,0.6253639010189228,0.6120224095422848
237,0.6855895196506551,0.6856747630896919,0.5784206695778749,0.5697443321911629,0.6111717612809315,0.5965184119046739
238,0.6975982532751092,0.6980843172053466,0.585334788937409,0.5785004399153134,0.611353711790393,0.5953083844932061
239,0.6885007278020379,0.6894029585596079,0.5880640465793304,0.5829109623774246,0.6244541484716157,0.6094420414312888
240,0.6952328966521106,0.6943385616769232,0.5975254730713246,0.5911709057832663,0.6157205240174672,0.5993898512084331
241,0.7010553129548762,0.7010933278390737,0.5858806404657934,0.5799703044797901,0.6169941775836972,0.6034364185628335
242,0.6894104803493449,0.6903287747514327,0.5946142649199417,0.5882780989240021,0.6242721979621543,0.6088739498748884
243,0.6912299854439592,0.6913674831442701,0.5791484716157205,0.5729851830681554,0.6266375545851528,0.6121273836644542
244,0.7001455604075691,0.6995763574382403,0.5938864628820961,0.5859780010540927,0.6180858806404658,0.6054970825398862
245,0.6946870451237264,0.695009028895116,0.5758733624454149,0.5683369049573948,0.6149927219796215,0.598762183993259
246,0.6899563318777293,0.689558992583092,0.5835152838427947,0.5795124486661947,0.6111717612809315,0.5980177029209991
247,0.6939592430858806,0.6931307960912848,0.5931586608442504,0.5850269123468351,0.6162663755458515,0.6013836987567117
248,0.6906841339155749,0.6900500806867563,0.5844250363901019,0.5786568315407221,0.6108078602620087,0.5998757679136489
249,0.6959606986899564,0.6943657961594495,0.585334788937409,0.5786915077354463,0.6142649199417758,0.6024413936289931
250,0.6901382823871907,0.690267470952357,0.5895196506550219,0.5843024534246566,0.6146288209606987,0.6007918703698377
251,0.6954148471615721,0.6948364017961689,0.5773289665211062,0.5699666211171728,0.6179039301310044,0.603655861744186
252,0.7001455604075691,0.6994161706414029,0.5889737991266376,0.5823981664514589,0.6200873362445415,0.6059874303473883
253,0.6930494905385735,0.6919466861313622,0.5893377001455604,0.5843240974950481,0.6044395924308588,0.5923303348867158
254,0.6937772925764192,0.6934092850270365,0.5858806404657934,0.5792003977563186,0.6142649199417758,0.6009691488810113
255,0.7083333333333334,0.7072129423013287,0.586608442503639,0.5799961710876103,0.613901018922853,0.6022028058473049
256,0.6981441048034934,0.6980721667213325,0.5773289665211062,0.5698729360493092,0.6058951965065502,0.5930144628094822
257,0.6995997088791849,0.6993217458126096,0.5898835516739447,0.5831416016857774,0.6166302765647744,0.60300957536625
258,0.7028748180494906,0.7015295105239726,0.589155749636099,0.583348934227776,0.6115356622998545,0.5988486874188851
259,0.6977802037845706,0.6974302911032512,0.5877001455604076,0.5822055565611189,0.615174672489083,0.6020366419013893
260,0.6888646288209607,0.6893676882588259,0.584061135371179,0.5753578373984496,0.6255458515283843,0.6105498882421173
261,0.6950509461426492,0.6955204273926722,0.587882096069869,0.581181360911959,0.6197234352256187,0.6026996807814885
262,0.6943231441048034,0.694716783793805,0.5944323144104804,0.5900963492365902,0.6148107714701602,0.6028832338588558
263,0.6986899563318777,0.7001611679844082,0.5911572052401747,0.5867567129355927,0.6184497816593887,0.602298630350757
264,0.6950509461426492,0.6930979202719678,0.5893377001455604,0.5817295332992467,0.617721979621543,0.6059731727505423
265,0.699235807860262,0.7000172016091679,0.5915211062590975,0.5862299901609029,0.6204512372634643,0.6061702010628325
266,0.6919577874818049,0.6924107532982955,0.5920669577874818,0.5857816123013736,0.6169941775836972,0.6046250374482207
267,0.6986899563318777,0.7002780217515309,0.5918850072780204,0.5879608485207497,0.6233624454148472,0.6087218392751078
268,0.6910480349344978,0.6914494387268258,0.5871542940320232,0.5803876687904607,0.6239082969432315,0.6087146314680568
269,0.6961426491994177,0.6954382445439616,0.5820596797671034,0.5722907777716625,0.6206331877729258,0.6071584683032422
270,0.6954148471615721,0.6950639282851553,0.5836972343522562,0.5770625232195599,0.6206331877729258,0.6075391203860138
271,0.7036026200873362,0.7038484538915908,0.5935225618631732,0.5886239679508065,0.6193595342066958,0.6054238803928944
272,0.6861353711790393,0.6862638272482865,0.5771470160116449,0.570914685158738,0.610080058224163,0.5956662919356642
273,0.6886826783114993,0.6875429943793333,0.5813318777292577,0.5763806627624614,0.6117176128093159,0.5995335510557132
274,0.6915938864628821,0.6931408895140646,0.5922489082969432,0.5863969494610217,0.6242721979621543,0.6073542383494143
275,0.6844978165938864,0.683765310655842,0.5856986899563319,0.5808249805736757,0.6069868995633187,0.5950901966089592
276,0.6770378457059679,0.6775269811310833,0.5793304221251819,0.5750824791200063,0.6046215429403202,0.5899442753599288
277,0.6830422125181951,0.6830756238018959,0.5884279475982532,0.5822143749620375,0.6149927219796215,0.6005833292804715
278,0.6857714701601164,0.6846957498516639,0.5915211062590975,0.586354445359423,0.6188136826783115,0.6061241847053195
279,0.6974163027656477,0.6973928540694626,0.5824235807860262,0.5767500737777406,0.612627365356623,0.5989058643619819
280,0.7021470160116449,0.7020642768259014,0.5844250363901019,0.5787750866802471,0.6168122270742358,0.6037685047206031
281,0.6915938864628821,0.6921320880447567,0.586608442503639,0.5795088760655539,0.6242721979621543,0.6098540598178553
282,0.6968704512372634,0.6964018469243136,0.5907933042212519,0.5845974800760811,0.6148107714701602,0.6011551474104728
283,0.6974163027656477,0.6982493672789571,0.5880640465793304,0.5799005857911061,0.6217248908296943,0.6063929027504821
284,0.6930494905385735,0.6926353489377711,0.5793304221251819,0.5722145765518621,0.6226346433770015,0.6103866523344408
285,0.6841339155749636,0.6831169811087321,0.5795123726346434,0.5731079083053686,0.6026200873362445,0.590289646951689
286,0.6886826783114993,0.6885558529761576,0.5882459970887919,0.5808815224605367,0.6171761280931587,0.6047512521119297
287,0.6881368267831149,0.6878614397023558,0.5829694323144105,0.5755094947798737,0.6109898107714702,0.5962564954535062
288,0.6895924308588064,0.6905029723343626,0.5851528384279476,0.580868623176786,0.6204512372634643,0.6071412582381507
289,0.6990538573508006,0.6999113842205836,0.5946142649199417,0.5899721165362519,0.6246360989810772,0.612385490034754
290,0.6977802037845706,0.6980987191720148,0.5884279475982532,0.5826142188375756,0.62117903930131,0.6103391698180537
291,0.6874090247452693,0.6876939917633836,0.5944323144104804,0.5895803149646367,0.6131732168850073,0.5975211313560224
292,0.6897743813682679,0.6899906637997432,0.5864264919941776,0.5793680074494291,0.6231804949053857,0.6078926553636875
293,0.6806768558951966,0.6795184718904769,0.5793304221251819,0.5745733810605661,0.6022561863173217,0.5893531416886938
294,0.6915938864628821,0.6927514688850177,0.5856986899563319,0.5807973760024573,0.620269286754003,0.6057699932435169
295,0.6870451237263464,0.6876069174247902,0.5802401746724891,0.5730324717019447,0.6153566229985444,0.5987546156548447
296,0.6990538573508006,0.6997407230835607,0.6013464337700145,0.5939550184431653,0.62117903930131,0.6051279165591447
297,0.6883187772925764,0.6884399413693579,0.5937045123726347,0.5886638409157681,0.6229985443959243,0.6081553288451378
298,0.6888646288209607,0.68905721308168,0.5820596797671034,0.5770479647164737,0.6251819505094615,0.6099753173559809
299,0.6966885007278021,0.6963053975776426,0.5796943231441049,0.5717831732133208,0.6106259097525473,0.5973373047675777
300,0.6875909752547307,0.6878266444359645,0.5858806404657934,0.5814583779750243,0.6131732168850073,0.5996459861043336
301,0.6875909752547307,0.6868283677107206,0.5822416302765647,0.5741466139203023,0.608806404657933,0.5954809903714279
302,0.6946870451237264,0.6951870627532402,0.5917030567685589,0.5859315422919096,0.618995633187773,0.6054813769152434
303,0.6877729257641921,0.687755993362689,0.576783114992722,0.5683942036345994,0.6253639010189228,0.6104598231958723
304,0.6844978165938864,0.6837181236753116,0.5847889374090247,0.5778983136726535,0.6157205240174672,0.6037338915700916
305,0.6883187772925764,0.6887533398082386,0.5780567685589519,0.5721904823567278,0.6093522561863173,0.5963088759652183
306,0.6908660844250364,0.6912087066602354,0.5820596797671034,0.5751006843970264,0.6244541484716157,0.6115289570390794
307,0.6946870451237264,0.6934696279754328,0.5898835516739447,0.5830313454363232,0.6244541484716157,0.6130498761739268
308,0.6935953420669578,0.6922730589392128,0.5924308588064047,0.5865934307616931,0.6222707423580786,0.6109538150983767
309,0.6905021834061136,0.6913316225258649,0.5831513828238719,0.5756233668103871,0.6282751091703057,0.611707783406521
310,0.700509461426492,0.6991347946164423,0.5889737991266376,0.580654285272362,0.6182678311499272,0.604304591519702
311,0.6988719068413392,0.6990915376570298,0.5864264919941776,0.5785628405798587,0.6231804949053857,0.6098354651025635
312,0.6926855895196506,0.6921708624854652,0.5924308588064047,0.5856870695139184,0.6195414847161572,0.6072609333561511
313,0.6928675400291121,0.6927291182917052,0.5935225618631732,0.5895626577128278,0.6195414847161572,0.6033896824818862
314,0.6897743813682679,0.690303095201997,0.5873362445414847,0.5830068883697743,0.6188136826783115,0.6014756557257607
315,0.6935953420669578,0.6920072808049601,0.5775109170305677,0.5702923675779239,0.6171761280931587,0.603597043884272
316,0.6892285298398836,0.6898113279979762,0.5909752547307132,0.5854132794418093,0.616448326055313,0.602182326625922
317,0.6864992721979621,0.6852080751110816,0.5826055312954876,0.5754166160847761,0.611353711790393,0.5964970421532807
318,0.6945050946142649,0.6950483277200655,0.5751455604075691,0.5701748427137597,0.6068049490538574,0.5922044120008488
319,0.699235807860262,0.6984025361935506,0.5766011644832606,0.5701024401003504,0.606259097525473,0.5941734285607801
320,0.6990538573508006,0.6994740421655061,0.5880640465793304,0.5835932316401852,0.6220887918486172,0.6098670591238542
321,0.6881368267831149,0.6897308724569746,0.5804221251819505,0.5739462057088006,0.61735807860262,0.605432925598964
322,0.6912299854439592,0.6913414183712078,0.5947962154294032,0.5889247765179464,0.6180858806404658,0.6041096607844548
323,0.6994177583697234,0.6984437012911192,0.5902474526928675,0.5847141609686061,0.610080058224163,0.5954478999152273
324,0.6906841339155749,0.6913508455077445,0.5924308588064047,0.5875016838989608,0.6117176128093159,0.596772932191345
325,0.6950509461426492,0.696059196858377,0.5798762736535662,0.5750229546784075,0.6169941775836972,0.6020883611390033
326,0.6932314410480349,0.6931822444346265,0.5867903930131004,0.5834436708159317,0.6144468704512372,0.6026635111322568
327,0.6895924308588064,0.6897927507144134,0.5889737991266376,0.5795245337968451,0.6244541484716157,0.6096250317619653
328,0.6981441048034934,0.6969589107565392,0.5913391557496361,0.5835203687494239,0.6106259097525473,0.5975211729999416
329,0.6965065502183406,0.6971968093349781,0.5886098981077147,0.5830721312569321,0.6220887918486172,0.6077865182510593
330,0.7016011644832606,0.7008134120594729,0.5920669577874818,0.5852165273821109,0.6206331877729258,0.6075237941925505
331,0.6974163027656477,0.6976974866322436,0.5973435225618632,0.5920896588106174,0.629730713245997,0.6154374867339913
332,0.6946870451237264,0.6937004341963879,0.5807860262008734,0.5763785681073317,0.6109898107714702,0.5994222027737388
333,0.6974163027656477,0.6971506979778548,0.5833333333333334,0.5768983404132376,0.6191775836972343,0.6080555682904628
334,0.6930494905385735,0.6923594104806444,0.5811499272197962,0.5748948090105218,0.611353711790393,0.5973994923237397
335,0.6906841339155749,0.6901179654936095,0.5906113537117904,0.5841924063052906,0.615174672489083,0.5989933046528301
336,0.7026928675400291,0.7038822855916443,0.5942503639010189,0.5890559767739264,0.6319141193595342,0.6178549097931908
337,0.6866812227074236,0.6866150234068901,0.5796943231441049,0.5752772515725063,0.607532751091703,0.5949921210709119
338,0.6908660844250364,0.691446167999502,0.5906113537117904,0.5845523995330336,0.6142649199417758,0.6023702612519789
339,0.6915938864628821,0.6909598267551377,0.5871542940320232,0.5803748657278867,0.6255458515283843,0.6118439860894241
340,0.6890465793304221,0.6895056870573782,0.5798762736535662,0.5712311804642822,0.6229985443959243,0.6061281395490864
341,0.6848617176128093,0.6852510695761005,0.5822416302765647,0.5783992027762429,0.6098981077147017,0.5963714756464166
342,0.6999636098981077,0.7006751361192096,0.5987991266375546,0.5927455252377861,0.6295487627365357,0.6153792634015839
343,0.6932314410480349,0.6927383732964287,0.586608442503639,0.5792868026068613,0.6159024745269287,0.6009703194353673
344,0.6926855895196506,0.691256755709499,0.5806040756914119,0.5738513204272966,0.6195414847161572,0.6064286170628465
345,0.6955967976710334,0.6962810563910115,0.5862445414847162,0.5815351055802934,0.6217248908296943,0.6071944729404496
346,0.6965065502183406,0.6972458536803415,0.5795123726346434,0.571429200172068,0.6148107714701602,0.6002097755093391
347,0.6939592430858806,0.6936383842091397,0.5877001455604076,0.5832381859720366,0.62117903930131,0.6092702884148032
348,0.6952328966521106,0.6960241848403333,0.5922489082969432,0.5865761301983666,0.6209970887918487,0.6069084861605102
349,0.6941411935953421,0.6943075240780617,0.5886098981077147,0.5840588621377286,0.616448326055313,0.6020692971212226
350,0.6906841339155749,0.6893474045275306,0.5776928675400291,0.5710057538809847,0.6055312954876274,0.5938557286093119
351,0.6945050946142649,0.6943788382563679,0.5864264919941776,0.5803627662958221,0.613901018922853,0.5985218209283939
352,0.6959606986899564,0.6966382271929801,0.5902474526928675,0.5852991688163268,0.6222707423580786,0.6081279505866478
353,0.6910480349344978,0.691599184690806,0.5847889374090247,0.5803834225574519,0.615174672489083,0.6016185897136416
354,0.6879548762736536,0.6890839996489148,0.5877001455604076,0.5835859253175255,0.6155385735080058,0.6004298615978171
355,0.6799490538573508,0.6797927140460721,0.5900655021834061,0.5839293744837813,0.6166302765647744,0.6033364877547114
356,0.6946870451237264,0.695510748846741,0.5800582241630277,0.5730696647464733,0.6195414847161572,0.6056734048661586
357,0.699235807860262,0.6998516930380849,0.5809679767103348,0.5733470280778862,0.616448326055313,0.6032532883733585
358,0.6905021834061136,0.6898156882971743,0.5922489082969432,0.5843002180923985,0.6253639010189228,0.6104371585687104
359,0.6952328966521106,0.6944020682039019,0.5827874818049491,0.5772594189421095,0.6208151382823872,0.6065424800853693
360,0.6930494905385735,0.6938613431896049,0.5795123726346434,0.5743293179162178,0.6169941775836972,0.603147497507716
361,0.6908660844250364,0.6918865526514754,0.5889737991266376,0.5819196608846755,0.6219068413391557,0.6071492936987783
362,0.6915938864628821,0.6912748912909968,0.5922489082969432,0.585719665628171,0.6168122270742358,0.6032434410705376
363,0.6950509461426492,0.6947753664704407,0.5926128093158661,0.5862905214546412,0.6191775836972343,0.6022409664318111
364,0.6890465793304221,0.6890900794270962,0.5898835516739447,0.5812311142753742,0.62372634643377,0.6115181225462011
365,0.6870451237263464,0.685561766336784,0.5796943231441049,0.5718319272070959,0.6058951965065502,0.5924597436763123
366,0.699235807860262,0.7004515970460066,0.5735080058224163,0.5692389247911644,0.6171761280931587,0.6016144071701768
367,0.6946870451237264,0.6933247953591689,0.5776928675400291,0.5693202662988712,0.6169941775836972,0.6048744527741047
368,0.6864992721979621,0.6858422008320358,0.5856986899563319,0.5796070826160329,0.6206331877729258,0.6067664028874216
369,0.6952328966521106,0.694407011990918,0.595160116448326,0.5903013464020171,0.6142649199417758,0.6005545281557628
370,0.7010553129548762,0.7005852159357598,0.5931586608442504,0.587488428792345,0.6111717612809315,0.5993873865306754
371,0.6975982532751092,0.6984830722241714,0.5911572052401747,0.5850676646856006,0.6277292576419214,0.6133859790094547
372,0.7061499272197962,0.7063086422652926,0.5946142649199417,0.5884316403840759,0.6259097525473072,0.6132214119621024
373,0.6968704512372634,0.6962516169418977,0.5829694323144105,0.5757488195552374,0.6228165938864629,0.6088939294534196
374,0.6866812227074236,0.6854745032655,0.5815138282387191,0.5734517358486498,0.6089883551673945,0.5955530622931708
375,0.6937772925764192,0.6942914634242303,0.5806040756914119,0.5750100329957719,0.6182678311499272,0.6052477927170373
376,0.6854075691411936,0.6854628920169633,0.5871542940320232,0.5828317510060613,0.61863173216885,0.6067134904658039
377,0.6975982532751092,0.697921643835914,0.5847889374090247,0.5797968732394962,0.6191775836972343,0.6040095549516115
378,0.6955967976710334,0.6966280520901128,0.5893377001455604,0.5823674056900902,0.62882096069869,0.6142335284399799
379,0.6872270742358079,0.6880504462682532,0.5836972343522562,0.5765629076467801,0.612627365356623,0.5987609109860194
380,0.6912299854439592,0.6919836463268023,0.5824235807860262,0.5772186553742409,0.6149927219796215,0.6010121143019028
381,0.6928675400291121,0.693094293963199,0.5826055312954876,0.5758606685472868,0.6171761280931587,0.6032003851039844
382,0.6894104803493449,0.6894013291931916,0.5886098981077147,0.5826706793708845,0.6157205240174672,0.6033219846386304
383,0.6925036390101892,0.6940350187243008,0.5856986899563319,0.5825687316487073,0.6188136826783115,0.6036911278125979
384,0.6997816593886463,0.7011908698760387,0.5807860262008734,0.5749050601216342,0.6206331877729258,0.6042700349604645
385,0.6848617176128093,0.6851848540911124,0.5924308588064047,0.5858881936243628,0.61608442503639,0.5998286808469907
386,0.6952328966521106,0.6938978960920942,0.5873362445414847,0.5786599599344319,0.6049854439592431,0.5914179865545109
387,0.6870451237263464,0.6877521986100339,0.5769650655021834,0.5717607762359516,0.6219068413391557,0.6079817120294131
388,0.6941411935953421,0.6922144666155345,0.5685953420669578,0.5621814778967781,0.611353711790393,0.6006129946332838
389,0.6815866084425036,0.6828868077142615,0.5685953420669578,0.5618700801047146,0.6128093158660844,0.5975059945669087
390,0.6974163027656477,0.6977998865246229,0.5906113537117904,0.5845860625061872,0.625,0.6088836076073734
391,0.6970524017467249,0.6968155101385345,0.5918850072780204,0.5849936234324248,0.6184497816593887,0.6032374267788061
392,0.6883187772925764,0.6888277612291317,0.5745997088791849,0.5685252452660703,0.6140829694323144,0.6003185734789994
393,0.6968704512372634,0.6968453834361273,0.5751455604075691,0.5701228015533361,0.6206331877729258,0.6079915312303227
394,0.7025109170305677,0.702685053648937,0.585334788937409,0.5785229566130955,0.6244541484716157,0.610440713574702
395,0.6941411935953421,0.692017092492288,0.585334788937409,0.5794511344604776,0.6091703056768559,0.5968747346432733
396,0.6844978165938864,0.6848313881373489,0.5815138282387191,0.575140856098361,0.6108078602620087,0.5977792587040436
397,0.6959606986899564,0.6972280232450888,0.5882459970887919,0.584196546132664,0.62245269286754,0.6072948705853062
398,0.6937772925764192,0.6926639153973406,0.5835152838427947,0.5778489216639899,0.6148107714701602,0.6018688025578359
399,0.6932314410480349,0.6930617960769775,0.5877001455604076,0.5816456172804085,0.6149927219796215,0.6003055436047794
400,0.6979621542940321,0.6990851468963696,0.5929767103347889,0.5879733630273102,0.6193595342066958,0.6033245154868779
401,0.7054221251819505,0.706214090834213,0.5902474526928675,0.5846788563285448,0.6259097525473072,0.6091620517067384
402,0.6841339155749636,0.6844238609655422,0.5786026200873362,0.572596733898524,0.61735807860262,0.6044840648721171
403,0.6905021834061136,0.689515965018348,0.5844250363901019,0.5776499873245902,0.6169941775836972,0.602099093313204
404,0.6870451237263464,0.6883834058661913,0.5856986899563319,0.582999456026496,0.620269286754003,0.60739624901232
405,0.6941411935953421,0.693853427006851,0.5884279475982532,0.5831389527710563,0.6142649199417758,0.599895102525825
406,0.6892285298398836,0.6893153162304301,0.5942503639010189,0.5892807206065181,0.6191775836972343,0.6041610945384047
407,0.6997816593886463,0.7008377373804863,0.5851528384279476,0.5794080756895159,0.6284570596797671,0.6131081403411092
408,0.6937772925764192,0.6955409407413894,0.589155749636099,0.584408747046442,0.6291848617176128,0.6144038473069205
409,0.6966885007278021,0.6970282327749414,0.5806040756914119,0.5748031178158188,0.6264556040756915,0.6118852786845447
410,0.6974163027656477,0.6979994106663782,0.5846069868995634,0.58048869856602,0.6104439592430859,0.5969238227929291
411,0.7039665211062591,0.7024859209551358,0.586608442503639,0.5778401888818557,0.6169941775836972,0.6052608046628213
412,0.6925036390101892,0.6920238718695138,0.5953420669577875,0.5889081313996126,0.617721979621543,0.6032381217694326
413,0.6874090247452693,0.6875298514613218,0.5855167394468704,0.5806529959645128,0.6226346433770015,0.6130518581335082
414,0.6925036390101892,0.6918804172596159,0.5838791848617176,0.5757560588643775,0.6226346433770015,0.6067560537491287
415,0.6979621542940321,0.6981663619608846,0.5766011644832606,0.5709012124682594,0.6220887918486172,0.6074446837046715
416,0.7048762736535662,0.7045584155081359,0.5873362445414847,0.582128628016959,0.6128093158660844,0.6014305182955938
417,0.6863173216885007,0.6866561271305599,0.5920669577874818,0.5863161507590026,0.6213609898107715,0.6082665989383639
418,0.6915938864628821,0.6915842476245729,0.5809679767103348,0.5748397136851001,0.6191775836972343,0.6046941316386015
419,0.6877729257641921,0.6880186592016678,0.5835152838427947,0.5790029111435426,0.6128093158660844,0.5977766222279236
420,0.6957787481804949,0.6954468783660991,0.5867903930131004,0.5814013280565773,0.61990538573508,0.605476146969803
421,0.6974163027656477,0.6973179751028925,0.5775109170305677,0.5716101596260543,0.6193595342066958,0.6074589504066487
422,0.6928675400291121,0.6923910109303738,0.5902474526928675,0.5830272070720924,0.6228165938864629,0.6072328515289228
423,0.6941411935953421,0.6941390358190865,0.5791484716157205,0.5720288588737003,0.6106259097525473,0.5934233474727775
424,0.6934133915574964,0.6935216382451944,0.5898835516739447,0.5833613532111633,0.6111717612809315,0.5987433924938687
425,0.6988719068413392,0.6980994620840324,0.5778748180494906,0.5725456511095479,0.6193595342066958,0.6070350952112212
426,0.6921397379912664,0.6902050373505814,0.5856986899563319,0.581133328691788,0.6111717612809315,0.6003169316280882
427,0.6892285298398836,0.6873813223395225,0.5796943231441049,0.5721019859746642,0.6078966521106259,0.5956579952539545
428,0.6861353711790393,0.6858304097230666,0.5786026200873362,0.5717225376403083,0.6115356622998545,0.595901959007087
429,0.6926855895196506,0.6922734068237258,0.5960698689956332,0.5905434866239552,0.6104439592430859,0.597566540210258
430,0.6821324599708879,0.681711533323723,0.5827874818049491,0.5783239695787795,0.6073508005822417,0.595441581967139
431,0.6955967976710334,0.695557299957921,0.5937045123726347,0.5878286971600053,0.6277292576419214,0.6155989760596077
432,0.6835880640465793,0.6828419869009824,0.5831513828238719,0.5786427803490107,0.6078966521106259,0.5951035615030059
433,0.6954148471615721,0.6952828983078115,0.5938864628820961,0.5902272391719405,0.6251819505094615,0.6119854034381053
434,0.6923216885007278,0.6923798200456773,0.5882459970887919,0.5822292775526158,0.6162663755458515,0.6015920185890851
435,0.6957787481804949,0.6963221009288206,0.5858806404657934,0.5812422342909794,0.62117903930131,0.6070793717208941
436,0.6885007278020379,0.6877650097009939,0.5820596797671034,0.5755104540255864,0.6140829694323144,0.6012766518828193
437,0.6861353711790393,0.6868700412304861,0.5700509461426492,0.5643354790203574,0.6111717612809315,0.595974235692392
438,0.6943231441048034,0.6945460748804312,0.5882459970887919,0.5837751950164655,0.616448326055313,0.6029854584272114
439,0.701783114992722,0.7024148765670825,0.5911572052401747,0.5850958522298976,0.6197234352256187,0.6069795473121264
440,0.6926855895196506,0.6921903840600055,0.5846069868995634,0.5765197820866149,0.6140829694323144,0.5990346532160458
441,0.6939592430858806,0.6927377786732681,0.5937045123726347,0.5860943065017913,0.6159024745269287,0.6016685483794908
442,0.6832241630276564,0.683224833999145,0.5829694323144105,0.5785848117194027,0.613901018922853,0.5983595024525982
443,0.6886826783114993,0.6875501180228253,0.5811499272197962,0.5742151662325701,0.615174672489083,0.6005372928345233
444,0.6804949053857351,0.6808006971294226,0.5811499272197962,0.5776590401990805,0.6118995633187773,0.5961634509306518
445,0.6945050946142649,0.6953607120969355,0.5827874818049491,0.5780055034662489,0.61990538573508,0.6069495803091821
446,0.6974163027656477,0.6978497045763259,0.584061135371179,0.5781994996616585,0.6242721979621543,0.6117038090850371
447,0.6883187772925764,0.6875534733253934,0.5895196506550219,0.5846182740023875,0.6169941775836972,0.6029789571971151
448,0.6957787481804949,0.6968036022236254,0.5877001455604076,0.5818088821176199,0.616448326055313,0.6008286637076807
449,0.6841339155749636,0.6836069700215535,0.5838791848617176,0.5771935051081147,0.6049854439592431,0.5899030708001812
450,0.6957787481804949,0.6960452302810212,0.5851528384279476,0.5785830429722182,0.62117903930131,0.6044905812405451
451,0.6921397379912664,0.6915877242021192,0.5882459970887919,0.5851287157284006,0.61735807860262,0.603870722282028
452,0.6923216885007278,0.6919440680533032,0.5815138282387191,0.5752204560981864,0.6157205240174672,0.6011835120417662
453,0.6932314410480349,0.69254927729418,0.5966157205240175,0.5918071051386998,0.6122634643377002,0.5977878130707291
454,0.6979621542940321,0.6980842965554629,0.5897016011644832,0.5816787481220107,0.6215429403202329,0.6067257688924371
455,0.6795851528384279,0.6806395156027983,0.5873362445414847,0.5826504949219995,0.6140829694323144,0.6006386280293882
456,0.6972343522561864,0.697664391402338,0.5915211062590975,0.5858583107323853,0.6171761280931587,0.6048211720310953
457,0.6934133915574964,0.6939936909730758,0.5871542940320232,0.5809586413437038,0.6162663755458515,0.599812218678775
458,0.6930494905385735,0.6930503172983712,0.5982532751091703,0.5918041902236842,0.6239082969432315,0.6099812114668547
459,0.7054221251819505,0.7054630250180919,0.5937045123726347,0.588583751905376,0.6179039301310044,0.6047083557863963
460,0.6939592430858806,0.6924934270346937,0.5873362445414847,0.5785518880498762,0.6071688500727802,0.5927518131298565
461,0.6977802037845706,0.6995023483274458,0.5806040756914119,0.5751925525382479,0.62245269286754,0.6057154687037197
462,0.7016011644832606,0.7008478466410719,0.5804221251819505,0.5746016371610707,0.6200873362445415,0.60707950970948
463,0.6832241630276564,0.6838145584851733,0.5897016011644832,0.5816085751891884,0.6188136826783115,0.6033405509745782
464,0.6926855895196506,0.692215127858626,0.5873362445414847,0.5812929261764812,0.6128093158660844,0.6007009608142077
465,0.6943231441048034,0.6945270545440335,0.5809679767103348,0.5740354864576728,0.6128093158660844,0.5990952421912211
466,0.6928675400291121,0.6924487206870005,0.5880640465793304,0.581667699736525,0.6191775836972343,0.6043913589281985
467,0.6959606986899564,0.6964218130289223,0.5782387190684134,0.5723804509914521,0.6204512372634643,0.6065166886980115
468,0.6886826783114993,0.6890951015697308,0.5877001455604076,0.5811090796189542,0.6097161572052402,0.5948205750513001
469,0.6824963609898108,0.6829690112916526,0.5880640465793304,0.5832835369359685,0.6080786026200873,0.5964426797207177
470,0.6961426491994177,0.6964938093331275,0.5940684133915575,0.5891423569839266,0.6179039301310044,0.6013940897065662
471,0.6901382823871907,0.6900380566743775,0.5782387190684134,0.5743749265556949,0.6133551673944687,0.6007832797616152
472,0.6941411935953421,0.6948248772745114,0.5760553129548762,0.570104165111443,0.6155385735080058,0.6016755858293896
473,0.6874090247452693,0.6881157679376712,0.5722343522561864,0.5672554358657491,0.6104439592430859,0.5965648744575218
474,0.6941411935953421,0.6937435032218472,0.5791484716157205,0.5725009544195307,0.6122634643377002,0.6000570742759015
475,0.6870451237263464,0.687758947689042,0.5906113537117904,0.5839727245606733,0.6299126637554585,0.6147623695220955
476,0.6950509461426492,0.6957358418160133,0.5875181950509462,0.582456841728914,0.6228165938864629,0.6063362792028748
477,0.6879548762736536,0.6856109960851997,0.5886098981077147,0.5821726826563828,0.61608442503639,0.6011354506500658
478,0.6981441048034934,0.6989407359711111,0.5771470160116449,0.5723424319289143,0.613901018922853,0.5978268071469536
479,0.6928675400291121,0.693135549563852,0.5911572052401747,0.5852885050664139,0.6188136826783115,0.6043014121432045
480,0.6895924308588064,0.689048691641316,0.5991630276564774,0.5940299121362721,0.6180858806404658,0.6056276890971786
481,0.6908660844250364,0.6901088310012637,0.5880640465793304,0.58179655552136,0.6104439592430859,0.5960375684322466
482,0.6874090247452693,0.6875353156995634,0.5935225618631732,0.587793988125187,0.62372634643377,0.6091812122838963
483,0.6855895196506551,0.6858598015842107,0.5838791848617176,0.5765032538316347,0.6102620087336245,0.5968354547262279
484,0.6917758369723436,0.6926298868041246,0.5713245997088792,0.564264771858476,0.6200873362445415,0.6032231410958615
485,0.6946870451237264,0.6954658033735551,0.5844250363901019,0.5775845505412996,0.6248180494905385,0.6073937306950704
486,0.6914119359534207,0.6906769514934114,0.5822416302765647,0.5767044785430097,0.607532751091703,0.5936801934081858
487,0.6901382823871907,0.6893093750049911,0.5773289665211062,0.5690906924231856,0.6073508005822417,0.594286520599808
488,0.6972343522561864,0.6960152990506566,0.5929767103347889,0.5854208925613689,0.6200873362445415,0.6053496378113989
489,0.6879548762736536,0.6889733452406995,0.5829694323144105,0.5773912603936209,0.6229985443959243,0.6084934753440493
490,0.6970524017467249,0.6978747636906658,0.5998908296943232,0.5941586681930532,0.6204512372634643,0.6051884754683158
491,0.6903202328966521,0.6893667524274915,0.5915211062590975,0.5861837004328951,0.6135371179039302,0.5999357160942993
492,0.6917758369723436,0.6917441451885291,0.5756914119359534,0.5699843290531587,0.6184497816593887,0.6047375476349753
493,0.6946870451237264,0.6940074747406166,0.587882096069869,0.5809846293546611,0.6268195050946143,0.6142452503922807
494,0.6917758369723436,0.6921954790573382,0.5960698689956332,0.5889486500400275,0.6251819505094615,0.6101512313742062
495,0.6954148471615721,0.696587116386476,0.6008005822416302,0.5951336473570193,0.62245269286754,0.606414907422118
496,0.6915938864628821,0.6904884989314656,0.5846069868995634,0.5785744820414663,0.6304585152838428,0.6184386048247282
497,0.6946870451237264,0.6952653954264455,0.5802401746724891,0.5755199819346256,0.620269286754003,0.6061525662564926
498,0.6864992721979621,0.6865395052319364,0.5733260553129549,0.5666536161316215,0.615174672489083,0.6032406778068414
499,0.6928675400291121,0.6930150184148549,0.5875181950509462,0.5834377216409758,0.62245269286754,0.608297361429866
500,0.6910480349344978,0.6905314157786467,0.5889737991266376,0.5823836742751062,0.6182678311499272,0.604711991275999
501,0.6901382823871907,0.6903569289224335,0.5824235807860262,0.57685558718694,0.6219068413391557,0.6110468115861555
502,0.6975982532751092,0.6976471636983751,0.5978893740902474,0.5886868724729196,0.617721979621543,0.6022922444401537
503,0.6925036390101892,0.6927889471936707,0.5836972343522562,0.5787183753811823,0.61863173216885,0.6059959459409555
504,0.6830422125181951,0.6834424535398523,0.5793304221251819,0.5743052569983406,0.6144468704512372,0.6013461286217711
505,0.6952328966521106,0.6954222191099366,0.5784206695778749,0.57283559921165,0.6108078602620087,0.5967387714554242
506,0.6945050946142649,0.6935933087327718,0.5856986899563319,0.5777323785485018,0.6086244541484717,0.5946059396099974
507,0.6826783114992722,0.6830950256186369,0.5838791848617176,0.5774498357207428,0.6038937409024745,0.5884727637082926
508,0.6912299854439592,0.6916311645751406,0.586608442503639,0.5819444009292386,0.6171761280931587,0.6009519369347419
509,0.6986899563318777,0.6978234668348691,0.5971615720524017,0.590733662857892,0.6168122270742358,0.6013196628603912
510,0.6875909752547307,0.6878162759765178,0.5782387190684134,0.5718485234294258,0.6180858806404658,0.6051747472823549
511,0.6803129548762736,0.680412819184157,0.5780567685589519,0.5717497109688795,0.6104439592430859,0.5962764226737528
512,0.6983260553129549,0.697375550980082,0.5962518195050946,0.5902656511403189,0.62245269286754,0.6107040943790558
513,0.6921397379912664,0.6928057607792683,0.590429403202329,0.5841757788011828,0.6268195050946143,0.6127883905094698
514,0.6886826783114993,0.688503153515506,0.5736899563318777,0.5681701330174637,0.6148107714701602,0.60231994704875
515,0.6979621542940321,0.6985874856331543,0.5813318777292577,0.5755302405953139,0.6095342066957787,0.5926962906187708
516,0.6923216885007278,0.6916443078815103,0.5864264919941776,0.5811112720792807,0.6149927219796215,0.6004102413534407
517,0.6870451237263464,0.6879802336739868,0.5771470160116449,0.5727570662932516,0.6148107714701602,0.602393225472275
518,0.6848617176128093,0.6870897107523942,0.5884279475982532,0.5842315205313154,0.6242721979621543,0.6091463925316812
519,0.6955967976710334,0.6956573179588261,0.5844250363901019,0.5791345060173928,0.6291848617176128,0.617003558649181
520,0.7012372634643377,0.7015915028910816,0.5897016011644832,0.5837800067058083,0.6242721979621543,0.6120424880072427
521,0.7003275109170306,0.7008973692188233,0.5942503639010189,0.5888434356195171,0.6220887918486172,0.6087770338882019
522,0.6859534206695779,0.6878178436837166,0.5784206695778749,0.5728383259326649,0.6188136826783115,0.6019978568472152
523,0.6977802037845706,0.6982397017215579,0.5937045123726347,0.5887331908065861,0.617721979621543,0.6037084687485496
524,0.6930494905385735,0.6936703822862734,0.5895196506550219,0.5842314655080684,0.6168122270742358,0.6019387794126079
525,0.6912299854439592,0.6914278770303891,0.5856986899563319,0.5781102789291598,0.616448326055313,0.5987261737232003
526,0.6934133915574964,0.6935804998682592,0.5860625909752547,0.5794884183641812,0.6120815138282387,0.598188343297514
527,0.6881368267831149,0.6877399542558135,0.584061135371179,0.5770728188655864,0.6209970887918487,0.6049423267117625
528,0.6879548762736536,0.6887131492399384,0.5780567685589519,0.5733676734621324,0.616448326055313,0.602675927163013
529,0.6959606986899564,0.6959700582632462,0.5856986899563319,0.5809808869091533,0.6144468704512372,0.6035745666572835
530,0.6979621542940321,0.6986682268360672,0.5858806404657934,0.5846329183732967,0.6200873362445415,0.6071071810033946
531,0.6855895196506551,0.6865218623737732,0.5844250363901019,0.5775282214662201,0.6171761280931587,0.6018111682748241
532,0.6908660844250364,0.6910154085217769,0.5920669577874818,0.5862399178993029,0.601528384279476,0.5885738637127423
533,0.6903202328966521,0.691316702275933,0.5818777292576419,0.5748665420014828,0.6135371179039302,0.5950939920330591
534,0.6995997088791849,0.6998894804152407,0.5844250363901019,0.5805196030579624,0.6111717612809315,0.5957491592126881
535,0.6914119359534207,0.6921964415254079,0.5751455604075691,0.5691330539833613,0.6171761280931587,0.6042574331867606
536,0.6941411935953421,0.6952935300917026,0.5882459970887919,0.5820093413981882,0.6248180494905385,0.6101612235102912
537,0.6906841339155749,0.6898454183915579,0.600254730713246,0.5924934896772983,0.6180858806404658,0.6009309514495219
538,0.6981441048034934,0.699045831525992,0.5838791848617176,0.5778465429781879,0.6093522561863173,0.5966964881449356
539,0.6981441048034934,0.69836085871471,0.5920669577874818,0.5883576989315488,0.6222707423580786,0.6081092563753967
540,0.6844978165938864,0.6825918982944614,0.5835152838427947,0.5741249190004875,0.6169941775836972,0.6031427176735705
541,0.6959606986899564,0.6959669232673377,0.587882096069869,0.5816259486929436,0.6208151382823872,0.6054022103505392
542,0.6981441048034934,0.6987024506138434,0.5880640465793304,0.5813037105691532,0.6264556040756915,0.6134068804707775
543,0.6875909752547307,0.6879480654278737,0.5889737991266376,0.5820878490984914,0.6129912663755459,0.5966325152818204
544,0.6975982532751092,0.6982204625679577,0.5789665211062591,0.5732040055040694,0.6089883551673945,0.5940304896946002
545,0.6950509461426492,0.6938078792122964,0.5715065502183406,0.5663002274103786,0.6171761280931587,0.6065795024906507
546,0.6950509461426492,0.6953625890481921,0.5802401746724891,0.5742451575757838,0.6169941775836972,0.6031889971562104
547,0.7019650655021834,0.7018340378127436,0.5749636098981077,0.5688285907859625,0.6131732168850073,0.5975329379479654
548,0.6866812227074236,0.6872370922188558,0.5829694323144105,0.5782737669409751,0.602802037845706,0.5916678571778576
549,0.6917758369723436,0.6915897012144647,0.5760553129548762,0.5715290746642157,0.6193595342066958,0.607302021495998
550,0.7023289665211062,0.701759055799377,0.5946142649199417,0.5882696717681283,0.617721979621543,0.6040350660739161
551,0.6957787481804949,0.6975551186234611,0.5935225618631732,0.5877976065793686,0.6246360989810772,0.6108441269248448
552,0.6903202328966521,0.6897458346634552,0.5826055312954876,0.5756565559499968,0.6128093158660844,0.5996747790260529
553,0.7001455604075691,0.69997284656184,0.5807860262008734,0.5761286946877083,0.6129912663755459,0.5994751082437003
554,0.6935953420669578,0.6936737931122643,0.5791484716157205,0.5720164729033099,0.6179039301310044,0.6031871896411952
555,0.6823144104803494,0.6824375534816788,0.5862445414847162,0.580322503480949,0.6137190684133915,0.6021445927243768
556,0.6912299854439592,0.6925916980206991,0.586608442503639,0.5824714094717011,0.6128093158660844,0.5980893467644107
557,0.6784934497816594,0.6776558990116989,0.5887918486171762,0.5811022092636193,0.6093522561863173,0.5922266460526705
558,0.6979621542940321,0.6967944964514422,0.5784206695778749,0.5715292923001937,0.6117176128093159,0.599108174405922
559,0.6943231441048034,0.6951506989752051,0.5906113537117904,0.5839838905800038,0.610080058224163,0.5958138476584817
560,0.6963245997088792,0.6959395970814913,0.5929767103347889,0.5877266504613058,0.6131732168850073,0.5983022252511794
561,0.6957787481804949,0.6962111147616389,0.5858806404657934,0.5781913548970827,0.615174672489083,0.597606859444216
562,0.7039665211062591,0.7032521068349394,0.590429403202329,0.5828174218015226,0.6222707423580786,0.6040495762086325
563,0.6864992721979621,0.6856318538352859,0.5895196506550219,0.5844137357683371,0.6133551673944687,0.5984137655068503
564,0.6881368267831149,0.6895796294681532,0.5884279475982532,0.5831547004524608,0.6142649199417758,0.5989655677663714
565,0.6921397379912664,0.6895302989510844,0.5884279475982532,0.5812705679200553,0.602802037845706,0.5881570479832249
566,0.6957787481804949,0.6961665155509666,0.5933406113537117,0.5873385126338183,0.6169941775836972,0.6011443228861658
567,0.6983260553129549,0.6979844666479368,0.5880640465793304,0.5825268275852445,0.6197234352256187,0.6078113540912903
568,0.6877729257641921,0.6873389938575842,0.5844250363901019,0.5782564869946681,0.608806404657933,0.5967641699010041
569,0.7003275109170306,0.7004131083476399,0.5851528384279476,0.5793954637305836,0.6122634643377002,0.5979554929830218
570,0.6935953420669578,0.6939226634464958,0.5827874818049491,0.5765806596671127,0.6213609898107715,0.6080866317278764
571,0.6970524017467249,0.696932015353068,0.5769650655021834,0.5734968528772609,0.6133551673944687,0.6017703540472724
572,0.6874090247452693,0.6868269125161374,0.5796943231441049,0.5738383661285281,0.6058951965065502,0.5920675207715765
573,0.6954148471615721,0.6958667903755984,0.5838791848617176,0.5780589688299393,0.6155385735080058,0.6024847147218978
574,0.6910480349344978,0.6895682836747916,0.5926128093158661,0.5860207618265982,0.6231804949053857,0.6095373387228888
575,0.6994177583697234,0.6988663452557922,0.589155749636099,0.5811409990077849,0.6153566229985444,0.6003729772210259
576,0.6877729257641921,0.6872081098712334,0.5780567685589519,0.5702017341501934,0.6153566229985444,0.6003120547083898
577,0.6857714701601164,0.684091076317681,0.5782387190684134,0.5733355721632495,0.6042576419213974,0.5922043944714314
578,0.6941411935953421,0.6941714539859758,0.5816957787481805,0.5751829209572007,0.6162663755458515,0.6029903645357635
579,0.6914119359534207,0.6903968534315331,0.5806040756914119,0.5739419634174852,0.61608442503639,0.6046946930926863
580,0.6886826783114993,0.6877165443782333,0.5811499272197962,0.5745773990696749,0.6102620087336245,0.5940486387713025
581,0.6981441048034934,0.6968830661480035,0.5829694323144105,0.577488092043609,0.6233624454148472,0.6103014049109685
582,0.6895924308588064,0.6892055553162283,0.5877001455604076,0.5821394548960603,0.6193595342066958,0.6063285062402066
583,0.6934133915574964,0.6923213490174761,0.5773289665211062,0.5735547205123108,0.608806404657933,0.5955006877563456
584,0.6919577874818049,0.691243046769547,0.5813318777292577,0.5724539134597985,0.6086244541484717,0.5934915586753111
585,0.6975982532751092,0.6979796872289249,0.5802401746724891,0.5759608342205345,0.617721979621543,0.6057202498909722
586,0.6925036390101892,0.691834981516719,0.5793304221251819,0.5712486159545064,0.618995633187773,0.603966503998823
587,0.6905021834061136,0.6910592169510269,0.5889737991266376,0.5848136392260326,0.6168122270742358,0.6037491950159594
588,0.6897743813682679,0.6900949820685293,0.587882096069869,0.5827976975666701,0.613901018922853,0.597132934223573
589,0.6888646288209607,0.6873459798542539,0.5884279475982532,0.5818227082636204,0.6197234352256187,0.6068212049113529
590,0.6955967976710334,0.695849927984228,0.5827874818049491,0.5790787459181681,0.6193595342066958,0.6080457921851767
591,0.6921397379912664,0.6901711360887139,0.5838791848617176,0.5777348305742042,0.6086244541484717,0.5980787665644615
592,0.6963245997088792,0.6954435239966116,0.5887918486171762,0.5827108113521148,0.6155385735080058,0.6044367768765881
593,0.6863173216885007,0.6846664793116172,0.5918850072780204,0.5837757244812343,0.6208151382823872,0.6054647837109566
594,0.6906841339155749,0.6899772563183909,0.5824235807860262,0.575577148932345,0.6246360989810772,0.6134020461105086
595,0.6921397379912664,0.6924560961066205,0.5836972343522562,0.5785010839607628,0.6204512372634643,0.6063121751746375
596,0.6974163027656477,0.6970570247938482,0.5778748180494906,0.5715226061430456,0.6118995633187773,0.5983341700543264
597,0.6863173216885007,0.6876659295247123,0.5793304221251819,0.574623245895293,0.6140829694323144,0.5986676341476823
598,0.6983260553129549,0.6988673619990521,0.5900655021834061,0.5846200343528696,0.6128093158660844,0.5967002617624892
599,0.6857714701601164,0.686723608991206,0.5895196506550219,0.5843214103069835,0.6251819505094615,0.6077892322376436
600,0.6917758369723436,0.6930223860245711,0.5827874818049491,0.5770518274056836,0.6235443959243085,0.6088578452318784
601,0.6901382823871907,0.6891186338665897,0.5838791848617176,0.5772250188406199,0.6188136826783115,0.6061972533229366
602,0.6921397379912664,0.6913890275353939,0.5847889374090247,0.5772176010749283,0.620269286754003,0.6075211397536386
603,0.6850436681222707,0.6851002068613776,0.5860625909752547,0.578785029072798,0.6182678311499272,0.6041296790453473
604,0.6870451237263464,0.6879464444993438,0.5882459970887919,0.5837184248595787,0.62117903930131,0.606009003880373
605,0.6886826783114993,0.6892276190612977,0.5811499272197962,0.5745101543371577,0.6122634643377002,0.5951395920457339
606,0.6872270742358079,0.6862309856445677,0.5887918486171762,0.5815317612670975,0.6175400291120815,0.6003132111086815
607,0.6917758369723436,0.6912234664816932,0.5922489082969432,0.5860460624603944,0.6140829694323144,0.6006183596971506
608,0.6921397379912664,0.6923683783963969,0.5789665211062591,0.5730986952966491,0.6208151382823872,0.6094463438719492
609,0.6917758369723436,0.6921994492794444,0.5860625909752547,0.5811109345859001,0.61863173216885,0.6035727807181327
610,0.6906841339155749,0.6896832970997782,0.5833333333333334,0.5782852882124176,0.6084425036390102,0.597545739890097
611,0.6972343522561864,0.6969225709371831,0.5895196506550219,0.5852405122365341,0.6122634643377002,0.5990428992975546
612,0.6935953420669578,0.6939253131069746,0.5884279475982532,0.5826252289312664,0.6086244541484717,0.5954903865383075
613,0.6999636098981077,0.700609604961456,0.5978893740902474,0.5945249347949711,0.61735807860262,0.6053280729861434
614,0.6946870451237264,0.6949214421046849,0.5942503639010189,0.5887322283801145,0.6149927219796215,0.6005901067905619
615,0.6983260553129549,0.6982190730637904,0.5875181950509462,0.5810719654651851,0.6229985443959243,0.6102488744152273
616,0.6939592430858806,0.694541914091951,0.5860625909752547,0.5801288537603477,0.6168122270742358,0.603090354917614
617,0.6963245997088792,0.6958159645023588,0.5907933042212519,0.5844596022744887,0.6109898107714702,0.5969014487556848
618,0.6885007278020379,0.6884309848184715,0.5838791848617176,0.5769558615297946,0.6246360989810772,0.6109223566152062
619,0.6932314410480349,0.6921650013196192,0.589155749636099,0.5831183827021024,0.6168122270742358,0.601638891859499
620,0.6970524017467249,0.6963762019313003,0.5877001455604076,0.5828712900000171,0.6122634643377002,0.5993633117808327
621,0.6886826783114993,0.689039548480312,0.5846069868995634,0.5786983990077021,0.6162663755458515,0.6018441938844766
622,0.6970524017467249,0.6962305004763346,0.5938864628820961,0.5897824480597224,0.6091703056768559,0.5961253341336433
623,0.6855895196506551,0.6864056685739889,0.5802401746724891,0.574968724216227,0.6140829694323144,0.5988465439049871
624,0.6839519650655022,0.6854286179133514,0.5880640465793304,0.5809328218494153,0.6208151382823872,0.6060033202006646
625,0.6925036390101892,0.6925360493330407,0.5851528384279476,0.5783782584248889,0.6142649199417758,0.5996370404753778
626,0.7023289665211062,0.7022592708838588,0.5926128093158661,0.586276491346001,0.6200873362445415,0.6090885602367262
627,0.6874090247452693,0.6875048050003599,0.5831513828238719,0.5790686217347093,0.6137190684133915,0.6003524279881479
628,0.7063318777292577,0.7049525749384903,0.5915211062590975,0.5847784859165164,0.6118995633187773,0.5994012155299854
629,0.6986899563318777,0.698127321665991,0.5987991266375546,0.5932396199050639,0.611353711790393,0.5973002574791123
630,0.6932314410480349,0.6933255895060338,0.5804221251819505,0.574433430025591,0.6109898107714702,0.5997730356000494
631,0.6834061135371179,0.6838100267219728,0.5809679767103348,0.5740637515928967,0.6144468704512372,0.5996677780730689
632,0.6990538573508006,0.6976510523619748,0.5938864628820961,0.5865376059700042,0.6108078602620087,0.5974653082372556
633,0.6848617176128093,0.6847338161095086,0.585334788937409,0.5791099818552913,0.6102620087336245,0.595572097739919
634,0.6955967976710334,0.6956018892968204,0.5782387190684134,0.5729511998399546,0.6179039301310044,0.6042420678332073
635,0.6945050946142649,0.6934200397690468,0.5778748180494906,0.5725765294905606,0.6091703056768559,0.5972308559314514
636,0.6832241630276564,0.6825858587317609,0.5849708879184862,0.5777323054694588,0.6108078602620087,0.5965158206685354
637,0.7032387190684134,0.7033664151093766,0.5927947598253275,0.5850981357170894,0.6268195050946143,0.6121897154832062
638,0.7037845705967977,0.7039834489912926,0.5913391557496361,0.5856419557443693,0.6299126637554585,0.6163147057562238
639,0.6870451237263464,0.6879203545700165,0.5842430858806404,0.5802898355924474,0.620269286754003,0.6071556574589714
640,0.6963245997088792,0.6953141083300206,0.5984352256186317,0.5915685621317959,0.6191775836972343,0.6052749134814178
641,0.6945050946142649,0.6952289619487,0.5893377001455604,0.5843561224044848,0.6131732168850073,0.5981144769615013
642,0.6966885007278021,0.6967821100921562,0.5796943231441049,0.5740875865973138,0.6255458515283843,0.6133101851737193
643,0.6874090247452693,0.6860300540985405,0.5913391557496361,0.584676572010677,0.6104439592430859,0.5971622729604515
644,0.6928675400291121,0.6924196055032432,0.5826055312954876,0.5769875820286167,0.6191775836972343,0.6046862122188015
645,0.6886826783114993,0.6880902760182952,0.5762372634643377,0.5688904909798692,0.6102620087336245,0.5968386143798485
646,0.7046943231441049,0.7067798580476209,0.5987991266375546,0.5947922526824754,0.6182678311499272,0.601667528814417
647,0.6932314410480349,0.692488399734107,0.5942503639010189,0.5857141481237212,0.6220887918486172,0.6099374113770234
648,0.6965065502183406,0.6958454259227956,0.5836972343522562,0.5770304460589527,0.6106259097525473,0.5988685445654646
649,0.700509461426492,0.7002682119912907,0.5946142649199417,0.5894438786500164,0.6290029112081513,0.6189202865270524
650,0.6870451237263464,0.6881605707266867,0.5889737991266376,0.584279041310336,0.6226346433770015,0.6077473587567189
651,0.7008733624454149,0.7015693759714822,0.5780567685589519,0.5716416644788623,0.6226346433770015,0.6073198640922924
652,0.6870451237263464,0.6872289733298437,0.5986171761280932,0.5927342605902801,0.6204512372634643,0.6062915430554362
653,0.7065138282387191,0.707384475485289,0.585334788937409,0.580522956884337,0.6257278020378457,0.6112688941053309
654,0.6999636098981077,0.6995830807516829,0.5731441048034934,0.5657241416653016,0.6184497816593887,0.6032821547226014
655,0.6903202328966521,0.6903031084402391,0.587882096069869,0.5809127498622741,0.6299126637554585,0.6182255883154513
656,0.6886826783114993,0.6888547039087948,0.5855167394468704,0.5782280125341037,0.6171761280931587,0.6024744806359985
657,0.6875909752547307,0.6886667830079322,0.5860625909752547,0.5816282291503957,0.6191775836972343,0.6024698891260046
658,0.7052401746724891,0.7058067096520769,0.590429403202329,0.5845687207217338,0.6171761280931587,0.6037742367030668
659,0.7003275109170306,0.7007423522669987,0.5898835516739447,0.5859289975967003,0.6184497816593887,0.6035093331934984
660,0.7012372634643377,0.702135882653519,0.5844250363901019,0.5808255368620148,0.6124454148471615,0.5994395630315621
661,0.6990538573508006,0.6991998739705206,0.5895196506550219,0.5821451751864807,0.6320960698689956,0.6163701975358542
662,0.6939592430858806,0.6934181455810199,0.5804221251819505,0.5746104458173037,0.6204512372634643,0.6070230195093281
663,0.6877729257641921,0.6868531593924802,0.5813318777292577,0.5744135645948337,0.613901018922853,0.6000657047643433
664,0.6850436681222707,0.6847838123913464,0.5800582241630277,0.5713506873074264,0.6171761280931587,0.6028471588178151
665,0.6919577874818049,0.6921120276916602,0.5833333333333334,0.5767307050348608,0.6106259097525473,0.5982819422567641
666,0.6919577874818049,0.6919013570556262,0.5762372634643377,0.5717337252074981,0.6137190684133915,0.5984453606491748
667,0.6819505094614265,0.6818966011582113,0.5816957787481805,0.5745981039257568,0.6171761280931587,0.6033319923724788
668,0.6955967976710334,0.6928985080998463,0.5820596797671034,0.5742600868885703,0.6235443959243085,0.6112795912755699
669,0.6895924308588064,0.6902743357705626,0.590429403202329,0.5845143757921568,0.6162663755458515,0.5976663337185503
670,0.6846797671033479,0.684547591133144,0.5815138282387191,0.5749076030320716,0.6135371179039302,0.5977936280056296
671,0.6885007278020379,0.6899083026369374,0.595160116448326,0.5902286950138603,0.61735807860262,0.6009099726560941
672,0.6972343522561864,0.6972292197798247,0.584061135371179,0.5770815212444089,0.6229985443959243,0.6101873078879162
673,0.6855895196506551,0.6854907418906008,0.5844250363901019,0.5784629979329461,0.6137190684133915,0.6018300904707313
674,0.6901382823871907,0.6906725234220595,0.5860625909752547,0.5790933230831715,0.61608442503639,0.6020356178565568
675,0.6925036390101892,0.6909679915789226,0.5831513828238719,0.5752752922009235,0.6106259097525473,0.5959531440635428
676,0.6994177583697234,0.7001011058750585,0.590429403202329,0.5848806841507624,0.6311863173216885,0.6166778478765477
677,0.6974163027656477,0.6984026967083463,0.5831513828238719,0.5789677559090027,0.6171761280931587,0.6026736100969293
678,0.6881368267831149,0.6875979943837872,0.5862445414847162,0.5815984169477825,0.6093522561863173,0.5973938936709869
679,0.6872270742358079,0.6877244886574373,0.5826055312954876,0.575466228364914,0.6082605531295487,0.5930787037253072
680,0.6905021834061136,0.6904477312145932,0.589155749636099,0.5837374592101928,0.6182678311499272,0.6051850492028922
681,0.6890465793304221,0.6893253383872517,0.5773289665211062,0.5715846835304107,0.6180858806404658,0.6040412602253249
682,0.6925036390101892,0.6922028043079335,0.5924308588064047,0.5844865868256007,0.6204512372634643,0.6054401196206166
683,0.6905021834061136,0.6914072290523735,0.5973435225618632,0.5941133439220944,0.6157205240174672,0.6016462469608533
684,0.6974163027656477,0.6982886612741747,0.5816957787481805,0.5748805927920085,0.6118995633187773,0.5946842724231026
685,0.6810407569141194,0.6807617819134184,0.5849708879184862,0.581847852789482,0.6060771470160117,0.5935465206855008
686,0.6930494905385735,0.6943910111662076,0.5922489082969432,0.5890533136597588,0.6226346433770015,0.6084071072805558
687,0.6925036390101892,0.6933061441192994,0.5900655021834061,0.583638371594666,0.6246360989810772,0.6064880543531457
688,0.6939592430858806,0.6944710400857316,0.5958879184861717,0.5890894562244955,0.6271834061135371,0.6122251328185687
689,0.6977802037845706,0.6961563607531457,0.5900655021834061,0.5838382106605206,0.620269286754003,0.6079897615594897
690,0.6932314410480349,0.6932329880078044,0.5887918486171762,0.5811260646557183,0.62754730713246,0.6130353676341967
691,0.6815866084425036,0.6808500740941082,0.585334788937409,0.5780572153402218,0.6098981077147017,0.5963009687802022
692,0.7025109170305677,0.7023527697254259,0.5933406113537117,0.5858879772667894,0.6286390101892285,0.6142877378101145
693,0.6930494905385735,0.6936504700718538,0.5811499272197962,0.5752750754193335,0.6142649199417758,0.6001628213985538
694,0.6905021834061136,0.6902998392666234,0.5858806404657934,0.5809726659364169,0.6068049490538574,0.5935886625801384
695,0.6952328966521106,0.6947203776361978,0.5856986899563319,0.5778485753384333,0.6058951965065502,0.5913999221426923
696,0.6970524017467249,0.6961967354392936,0.5946142649199417,0.5890314679461585,0.62245269286754,0.6088187054800923
697,0.6919577874818049,0.6913475576000739,0.5827874818049491,0.5768972381230082,0.6111717612809315,0.5962318116451331
698,0.6914119359534207,0.6915093460041156,0.5833333333333334,0.5778708028607181,0.6144468704512372,0.5997214757546837
699,0.6895924308588064,0.690539404982606,0.5775109170305677,0.5724543161491963,0.6162663755458515,0.6031701599570313
700,0.6999636098981077,0.6972295715465114,0.5980713245997089,0.5907718222983933,0.61863173216885,0.6051673385637119
701,0.6952328966521106,0.6954867147201457,0.5816957787481805,0.5770684011537557,0.6106259097525473,0.5978786091908974
702,0.6930494905385735,0.6926965829243068,0.5826055312954876,0.5776071728839608,0.6086244541484717,0.5961908688666098
703,0.7026928675400291,0.7029514522369427,0.5877001455604076,0.5810709801389273,0.6200873362445415,0.6030855475210833
704,0.6905021834061136,0.690349044757078,0.5818777292576419,0.5750056458165648,0.6146288209606987,0.6011722966669996
705,0.6939592430858806,0.6931408667029627,0.5858806404657934,0.5787633847610271,0.6091703056768559,0.5957972287954884
706,0.6945050946142649,0.6929284434127935,0.5973435225618632,0.5908829459507077,0.620269286754003,0.6067241332074438
707,0.6868631732168851,0.6858361618846213,0.5873362445414847,0.581827232241893,0.6197234352256187,0.6054298330525553
708,0.6950509461426492,0.6963524203082564,0.5795123726346434,0.5746368256768877,0.6149927219796215,0.6017128364228254
709,0.6852256186317321,0.6832225257608435,0.5880640465793304,0.5823678991362217,0.6077147016011645,0.5954377952139592
710,0.6955967976710334,0.6962103960799718,0.5880640465793304,0.5829389431593125,0.6162663755458515,0.603014070493381
711,0.6959606986899564,0.6959468850826983,0.5833333333333334,0.5776086487916262,0.6260917030567685,0.613235748669052
712,0.6892285298398836,0.6890869652581806,0.5826055312954876,0.575192905968689,0.6080786026200873,0.5950056066145358
713,0.7045123726346434,0.704973212892365,0.5818777292576419,0.5774134806199597,0.6169941775836972,0.6025305949450961
714,0.6926855895196506,0.6918492207139897,0.5969796215429404,0.5917551571128918,0.6159024745269287,0.6021759121551522
715,0.7063318777292577,0.706469124144316,0.5691411935953421,0.5628259092987197,0.615174672489083,0.6024768213906299
716,0.6914119359534207,0.691323169935445,0.5880640465793304,0.5831381442145187,0.6180858806404658,0.6045394063594961
717,0.6897743813682679,0.6893177523176824,0.5835152838427947,0.5766051603481833,0.62372634643377,0.6096532396407984
718,0.6926855895196506,0.6926425719596367,0.5982532751091703,0.5897318533700076,0.6244541484716157,0.6093493775851139
719,0.6921397379912664,0.6912333392880726,0.587882096069869,0.581335334132178,0.6144468704512372,0.6003703825614437
720,0.6950509461426492,0.6944061693015057,0.5833333333333334,0.5782561483295486,0.6131732168850073,0.6006607367912234
721,0.6957787481804949,0.6948991086417307,0.5813318777292577,0.5746017388295557,0.62117903930131,0.6057577773428114
722,0.6879548762736536,0.6882385959821505,0.5802401746724891,0.5755040979800617,0.6071688500727802,0.5931348741644126
723,0.6901382823871907,0.6909532941576746,0.5842430858806404,0.5779666299160281,0.6120815138282387,0.5990206955792382
724,0.6892285298398836,0.687638175915405,0.585334788937409,0.5781210940934097,0.6131732168850073,0.5997610748643704
725,0.6848617176128093,0.6856411962711739,0.5818777292576419,0.5739240068623607,0.62754730713246,0.6121444048572007
726,0.7019650655021834,0.7015464232759842,0.5893377001455604,0.5830237308882024,0.620269286754003,0.6060484362718371
727,0.6986899563318777,0.6987184616405314,0.5835152838427947,0.5784660175736889,0.6149927219796215,0.6015463778164851
728,0.6977802037845706,0.6985814709410315,0.5926128093158661,0.5866312932213311,0.6248180494905385,0.609771613714361
729,0.6888646288209607,0.6901594164717028,0.5897016011644832,0.5843202005097833,0.6231804949053857,0.6082114110518851
730,0.6848617176128093,0.6852046893460527,0.5831513828238719,0.5781738870415564,0.6124454148471615,0.5971880525734039
731,0.6890465793304221,0.689813741446608,0.5927947598253275,0.5875332439302613,0.6140829694323144,0.6005269092417023
732,0.6906841339155749,0.689503097968046,0.5889737991266376,0.5831892715055783,0.6060771470160117,0.5903992970028364
733,0.7026928675400291,0.7036623276330342,0.5860625909752547,0.5796810428287957,0.6118995633187773,0.5967829027996013
734,0.6997816593886463,0.6994736055039071,0.590429403202329,0.584205551113357,0.61990538573508,0.6034363769948498
735,0.6859534206695779,0.6858130773921715,0.5804221251819505,0.5762275579540006,0.612627365356623,0.5989547352412846
736,0.6957787481804949,0.6958932298216096,0.5893377001455604,0.5821753657823633,0.6228165938864629,0.6101517600047145
737,0.6901382823871907,0.6906860918565804,0.597707423580786,0.5924165489728669,0.6277292576419214,0.6137193761449623
738,0.6975982532751092,0.6968921230478294,0.584061135371179,0.5787329872886001,0.6222707423580786,0.6102880786367447
739,0.6921397379912664,0.691988545800727,0.5893377001455604,0.5840984858141117,0.6209970887918487,0.6055122517247272
740,0.6899563318777293,0.6909552563645621,0.5858806404657934,0.5809194999802746,0.612627365356623,0.5972183377282193
741,0.6972343522561864,0.6965893228646308,0.5889737991266376,0.5835348989996952,0.6149927219796215,0.6014207938330673
742,0.6965065502183406,0.6995110876138866,0.5826055312954876,0.5781097266666754,0.6233624454148472,0.6068571470483591
743,0.6945050946142649,0.6943418953565453,0.5898835516739447,0.5834836078511045,0.6251819505094615,0.6092868291906867
744,0.6974163027656477,0.6951861293534384,0.5791484716157205,0.5715992086050836,0.6128093158660844,0.6026288681606482
745,0.7077874818049491,0.7082955268417238,0.5836972343522562,0.5781200432340324,0.6208151382823872,0.60540568741271
746,0.6921397379912664,0.6917825833466494,0.5915211062590975,0.5854144431420863,0.6133551673944687,0.5991294440734152
747,0.6957787481804949,0.6959105789281259,0.5871542940320232,0.5824927061377421,0.6206331877729258,0.6077967340185871
748,0.6910480349344978,0.6922632759841479,0.5915211062590975,0.5856929385493732,0.620269286754003,0.6062144694976457
749,0.6928675400291121,0.6921181367530574,0.5877001455604076,0.5821487529842793,0.61863173216885,0.6060294895921818
750,0.7008733624454149,0.7009576705339544,0.5846069868995634,0.5770126569004249,0.6251819505094615,0.6097888557575378
751,0.6914119359534207,0.6925957079195747,0.5811499272197962,0.5762529163665017,0.6195414847161572,0.603785975528459
752,0.6937772925764192,0.6933393061585326,0.5929767103347889,0.5872250340846232,0.6175400291120815,0.6039986560568136
753,0.6939592430858806,0.6946327502923951,0.5816957787481805,0.5770209287229644,0.6217248908296943,0.60851832215002
754,0.6981441048034934,0.698153662999498,0.5871542940320232,0.580074360464382,0.616448326055313,0.6002162991535488
755,0.6981441048034934,0.6979109229427318,0.5846069868995634,0.579536457955685,0.6153566229985444,0.6003769739782235
756,0.6921397379912664,0.6922299754268616,0.5933406113537117,0.5859786389284172,0.6155385735080058,0.6008455153361177
757,0.6926855895196506,0.6929861664838732,0.5858806404657934,0.5798005145714044,0.6180858806404658,0.6034883436002093
758,0.6910480349344978,0.6918605953655708,0.585334788937409,0.5793038890922229,0.6279112081513828,0.6148283485313689
759,0.6966885007278021,0.696219416935535,0.5847889374090247,0.5791178364489581,0.6115356622998545,0.5991424088168056
760,0.6952328966521106,0.6952751489838974,0.5931586608442504,0.5868377184067823,0.6244541484716157,0.6105415516036992
761,0.6835880640465793,0.6836290080854092,0.5835152838427947,0.5776407377677407,0.6058951965065502,0.5919108230650335
762,0.6923216885007278,0.6926071454877442,0.576783114992722,0.5720081518456646,0.6089883551673945,0.5957504842306228
763,0.6986899563318777,0.6982820314482175,0.5862445414847162,0.5789845345914258,0.6175400291120815,0.6047583202584411
764,0.6877729257641921,0.6884554485294384,0.585334788937409,0.5785547218667325,0.6228165938864629,0.6097533349878749
765,0.6908660844250364,0.6898771121218373,0.5937045123726347,0.5886236754177941,0.610080058224163,0.5973918333524292
766,0.6934133915574964,0.6928527671233677,0.5836972343522562,0.5775177453538101,0.6180858806404658,0.6061428213154169
767,0.6972343522561864,0.6975848653147126,0.5844250363901019,0.5780537789970216,0.6219068413391557,0.6063849584141582
768,0.6943231441048034,0.6918001887056547,0.5795123726346434,0.5713851600322136,0.6149927219796215,0.604483321439302
769,0.6908660844250364,0.691883331438565,0.585334788937409,0.5807410878170199,0.6242721979621543,0.6117082274341668
770,0.6906841339155749,0.6909373968745119,0.5880640465793304,0.5820647416174093,0.6255458515283843,0.6108228591706288
771,0.6961426491994177,0.6970669416376696,0.5918850072780204,0.5867660695631033,0.6239082969432315,0.6103548108571926
772,0.6955967976710334,0.6956376144524518,0.5815138282387191,0.5767172484861401,0.6129912663755459,0.601491934776462
773,0.6854075691411936,0.6860012266653163,0.5800582241630277,0.575477048996815,0.6204512372634643,0.6069756368100503
774,0.6905021834061136,0.6915361293933658,0.5833333333333334,0.5769447592843143,0.6273653566229985,0.6113352337081699
775,0.6846797671033479,0.6846809908581921,0.5806040756914119,0.5754434695986768,0.6089883551673945,0.5949874897354235
776,0.6901382823871907,0.6900386227481295,0.5918850072780204,0.5877576622587352,0.6264556040756915,0.6123826531584885
777,0.6979621542940321,0.6982947385534306,0.5846069868995634,0.5792684550181465,0.6137190684133915,0.6003399665465083
778,0.6928675400291121,0.6921176898359658,0.5838791848617176,0.5781084683621361,0.6060771470160117,0.5927824139083097
779,0.6930494905385735,0.693643766847153,0.5911572052401747,0.5863574447316671,0.6240902474526928,0.6131836791040656
780,0.6961426491994177,0.6959452035656407,0.5833333333333334,0.5760738013241283,0.6060771470160117,0.5918749328553791
781,0.6899563318777293,0.6899673128279522,0.5862445414847162,0.579953116846397,0.6122634643377002,0.5969634972878256
782,0.6945050946142649,0.6931122074917516,0.5873362445414847,0.5786763420201031,0.6246360989810772,0.6086181608914302
783,0.6901382823871907,0.6900315794014026,0.5940684133915575,0.586707004588488,0.615174672489083,0.6005780441560655
784,0.6877729257641921,0.6884713400428821,0.5749636098981077,0.5713210707333715,0.6080786026200873,0.5935672086786522
785,0.6977802037845706,0.6963316599868118,0.590429403202329,0.5843861194696959,0.6073508005822417,0.595396633557155
786,0.6941411935953421,0.6948677292098419,0.5838791848617176,0.5781138375472477,0.6162663755458515,0.6022848464506405
787,0.6886826783114993,0.6902910638862173,0.5807860262008734,0.575191173125011,0.620269286754003,0.607842686983651
788,0.6937772925764192,0.6929552650008773,0.5802401746724891,0.5734311554449233,0.6106259097525473,0.5985983411176904
789,0.6979621542940321,0.6974700569584001,0.5962518195050946,0.5915600321020625,0.6149927219796215,0.6021440218159894
790,0.6932314410480349,0.6940280383658913,0.5835152838427947,0.577227381809929,0.6219068413391557,0.6038054143504534
791,0.7021470160116449,0.7022365767039478,0.5889737991266376,0.5851472087593577,0.610080058224163,0.5946353453065499
792,0.6930494905385735,0.6929609790806323,0.5907933042212519,0.5849710189097951,0.6302765647743813,0.6170657806035956
793,0.6821324599708879,0.6824906190021819,0.5847889374090247,0.5802063149205677,0.6095342066957787,0.5929711863639334
794,0.6864992721979621,0.6876671346600328,0.5800582241630277,0.5729266221111586,0.61735807860262,0.6025489711690325
795,0.6885007278020379,0.6867563062920802,0.5847889374090247,0.5783511451897492,0.6148107714701602,0.602622301703169
796,0.6881368267831149,0.687966967343872,0.5813318777292577,0.5748240458323775,0.6162663755458515,0.6023539369809847
797,0.6926855895196506,0.6926278665046244,0.589155749636099,0.5827036183229871,0.6226346433770015,0.6087507684138304
798,0.6995997088791849,0.6977768025505219,0.5836972343522562,0.5772633629201808,0.611353711790393,0.5968168418688894
799,0.6926855895196506,0.6930462375978926,0.5836972343522562,0.5779302698892997,0.6153566229985444,0.6015211632132901
800,0.6932314410480349,0.6935205475545265,0.5811499272197962,0.5747133442967848,0.6200873362445415,0.6064048577328914
801,0.699235807860262,0.6983183090044762,0.5973435225618632,0.590555467132457,0.6259097525473072,0.6144378634746809
802,0.6923216885007278,0.6916637081502838,0.5869723435225619,0.5791817508321291,0.6242721979621543,0.6127421281236685
803,0.7068777292576419,0.706044521819198,0.5967976710334789,0.5907724608138339,0.61863173216885,0.6027821052554642
804,0.6955967976710334,0.6957827535732077,0.5877001455604076,0.5813924177618403,0.633551673944687,0.6194062072913866
805,0.7003275109170306,0.6998040251627855,0.5949781659388647,0.5902154029830449,0.6200873362445415,0.6071453726534716
806,0.6970524017467249,0.6980265987078811,0.585334788937409,0.5809755778274175,0.6208151382823872,0.6075492974320501
807,0.6945050946142649,0.6950629001169353,0.5860625909752547,0.5800142075435178,0.6135371179039302,0.6003666118077744
808,0.6921397379912664,0.693306603395643,0.5811499272197962,0.5759370418387784,0.616448326055313,0.6026568009573944
809,0.6899563318777293,0.689793511826947,0.5895196506550219,0.5824277082649535,0.625,0.6086834620258458
810,0.6941411935953421,0.6934438839165608,0.5913391557496361,0.5848944094012337,0.6306404657933042,0.6174369383256506
811,0.6950509461426492,0.6936413267888458,0.5940684133915575,0.5879994812326083,0.6129912663755459,0.5990089868083853
812,0.7070596797671034,0.7072149564741688,0.5873362445414847,0.5808929278151173,0.6195414847161572,0.6050374595936739
813,0.6986899563318777,0.6989713359797677,0.5873362445414847,0.5807419604896862,0.613901018922853,0.600446889691899
814,0.6905021834061136,0.6913150625765155,0.5877001455604076,0.5793346183604415,0.6226346433770015,0.6056655647247089
815,0.7001455604075691,0.70183555186779,0.5884279475982532,0.5833770445707874,0.620269286754003,0.6045786980683667
816,0.6943231441048034,0.693591847583947,0.587882096069869,0.5831367315246753,0.6226346433770015,0.6095398600713914
817,0.6855895196506551,0.6848426831668988,0.5889737991266376,0.5830607772689987,0.6117176128093159,0.5997457079834315
818,0.6954148471615721,0.6962207724605464,0.5869723435225619,0.580765310444937,0.618995633187773,0.6032921946842208
819,0.6930494905385735,0.6929792712921468,0.5889737991266376,0.5828909336136142,0.61863173216885,0.6022310475801048
820,0.6921397379912664,0.6914601356654941,0.5844250363901019,0.5774920366839255,0.6184497816593887,0.6040114202194559
821,0.6954148471615721,0.6962827942579372,0.5829694323144105,0.5776460575103698,0.6204512372634643,0.6063009173912435
822,0.6997816593886463,0.7006201814649974,0.5762372634643377,0.5715121734405858,0.6215429403202329,0.6093492884105607
823,0.6888646288209607,0.6859107282385173,0.5860625909752547,0.5767020902597982,0.6124454148471615,0.6016396452917349
824,0.6946870451237264,0.6959631831942663,0.5887918486171762,0.5825664148369177,0.6306404657933042,0.6172987426947337
825,0.6910480349344978,0.6911651414420904,0.5897016011644832,0.5850270984596436,0.61608442503639,0.603404416198078
826,0.699235807860262,0.6986518306133697,0.5829694323144105,0.5775946611487178,0.6217248908296943,0.6079921515387712
827,0.6821324599708879,0.6816742014382835,0.5842430858806404,0.5746931542772278,0.62245269286754,0.6043910991373531
828,0.6830422125181951,0.682235324024764,0.5867903930131004,0.5811276314095547,0.6106259097525473,0.5990046853610171
829,0.6995997088791849,0.6994232650911734,0.5902474526928675,0.5829005497984271,0.620269286754003,0.604915792643454
830,0.6890465793304221,0.6894802712820831,0.5847889374090247,0.5808991166239345,0.6193595342066958,0.6075968499291685
831,0.6948689956331878,0.6936791285952681,0.5871542940320232,0.5811003642097571,0.6069868995633187,0.5939344207302125
832,0.6957787481804949,0.6950430915129321,0.5944323144104804,0.5880490208931436,0.6153566229985444,0.6036440259331332
833,0.6963245997088792,0.6962499214242248,0.5856986899563319,0.5788875492597776,0.6231804949053857,0.6080118771831432
834,0.6928675400291121,0.6932829993139831,0.5856986899563319,0.5819391021385315,0.6128093158660844,0.598031771873332
835,0.6883187772925764,0.6885906167158345,0.5911572052401747,0.5864886640458956,0.6197234352256187,0.6058530220002859
836,0.6917758369723436,0.6921877578130567,0.5769650655021834,0.5698264598604247,0.618995633187773,0.6070205290128521
837,0.6941411935953421,0.6945228045547415,0.5856986899563319,0.5789877228679673,0.6204512372634643,0.605708537758402
838,0.6868631732168851,0.686355842815635,0.5791484716157205,0.5725300364527538,0.6057132459970888,0.5926056558825699
839,0.7006914119359534,0.7002830189626142,0.5962518195050946,0.5898481831842846,0.62245269286754,0.608656529542093
840,0.6952328966521106,0.6946628758565603,0.5851528384279476,0.580609585577289,0.6082605531295487,0.5950785897969281
841,0.6948689956331878,0.6957345941096694,0.5955240174672489,0.5909581911006591,0.6228165938864629,0.609606291890019
842,0.7016011644832606,0.7021094266474934,0.5924308588064047,0.586604117808575,0.62627365356623,0.6129368461871062
843,0.6999636098981077,0.6998391571724261,0.5982532751091703,0.5924575990993762,0.6266375545851528,0.6134365937487976
844,0.7034206695778749,0.7043149495704853,0.5900655021834061,0.58590505253601,0.6169941775836972,0.6056359263826412
845,0.6928675400291121,0.6920417988620583,0.5957059679767104,0.5866886146022523,0.617721979621543,0.6031130046674816
846,0.6966885007278021,0.6986336350161162,0.5875181950509462,0.5822567282054135,0.616448326055313,0.6020671343259157
847,0.6914119359534207,0.6908041882248624,0.5838791848617176,0.5754309281751064,0.6171761280931587,0.6038636026914891
848,0.6777656477438136,0.6785115582302147,0.5700509461426492,0.5645605348591755,0.616448326055313,0.6022235192601092
849,0.6939592430858806,0.6928288097921657,0.584061135371179,0.5755955253765808,0.6248180494905385,0.6126312242335402
850,0.6921397379912664,0.6917406394832007,0.5829694323144105,0.57636214032003,0.61735807860262,0.6030386146107628
851,0.6850436681222707,0.6860741285400093,0.584061135371179,0.5789637929170649,0.6117176128093159,0.5970464679580187
852,0.6914119359534207,0.6909616658642473,0.5782387190684134,0.5704747025781961,0.6180858806404658,0.6007470059026621
853,0.6935953420669578,0.6940624158793719,0.5867903930131004,0.5811192787061016,0.6215429403202329,0.6070292503815296
854,0.6915938864628821,0.6913305789677114,0.5944323144104804,0.5889027203814414,0.6117176128093159,0.5979946362225342
855,0.6899563318777293,0.6903729781169602,0.5829694323144105,0.5777734984277894,0.6135371179039302,0.5986542037197662
856,0.6814046579330422,0.6811631172258008,0.586608442503639,0.5821563084928019,0.6159024745269287,0.6008609112794155
857,0.6954148471615721,0.6940363515064027,0.5920669577874818,0.5856370067821031,0.6095342066957787,0.5954109566121947
858,0.6939592430858806,0.693356645536246,0.5873362445414847,0.5807976653372908,0.6197234352256187,0.6035784431279897
859,0.6834061135371179,0.683446763344833,0.5937045123726347,0.5874444597545949,0.6144468704512372,0.6006842367777656
860,0.6837700145560408,0.6847392192914428,0.5791484716157205,0.5752757230983977,0.6233624454148472,0.6101271805628102
861,0.7039665211062591,0.7048486205599781,0.590429403202329,0.5853847518801342,0.63264192139738,0.6180237876852069
862,0.6903202328966521,0.6912758898325908,0.5846069868995634,0.5802690223163277,0.6128093158660844,0.598801707365445
863,0.6866812227074236,0.686767688277565,0.5858806404657934,0.5807662823973784,0.6086244541484717,0.5966013048294242
864,0.6943231441048034,0.693766536214372,0.5815138282387191,0.5758869874855979,0.6171761280931587,0.6019667163792038
865,0.6901382823871907,0.6891952960697862,0.5784206695778749,0.5728406917922527,0.6071688500727802,0.5954332428775241
866,0.6955967976710334,0.6952584550453702,0.5842430858806404,0.5761619601455147,0.6168122270742358,0.5993588862541126
867,0.6821324599708879,0.6824263314300266,0.5847889374090247,0.5789946732148219,0.6182678311499272,0.6023523235539502
868,0.7045123726346434,0.7035687581706047,0.5856986899563319,0.5794197987889577,0.6148107714701602,0.6028867884791888
869,0.6901382823871907,0.6909075105658378,0.5795123726346434,0.5732528245577012,0.61990538573508,0.6049303051045478
870,0.6955967976710334,0.6950866260506098,0.5947962154294032,0.5892514992753464,0.6155385735080058,0.6032196126344345
871,0.6899563318777293,0.6894323734615485,0.5831513828238719,0.5794623148866583,0.6038937409024745,0.5906584295909146
872,0.6990538573508006,0.7011945860564165,0.5877001455604076,0.5807064515092983,0.62754730713246,0.6098360864279004
873,0.6930494905385735,0.6932733277009221,0.5827874818049491,0.5793888004336586,0.607532751091703,0.5948541288254293
874,0.6977802037845706,0.6985427727705699,0.5931586608442504,0.5877812488556006,0.6128093158660844,0.598102528959118
875,0.6888646288209607,0.6889253649444235,0.5884279475982532,0.5822747869451604,0.6195414847161572,0.6061675616936727
876,0.6930494905385735,0.6940219237112965,0.598981077147016,0.5951548756827058,0.6239082969432315,0.6085612000865537
877,0.7030567685589519,0.7023058297324916,0.589155749636099,0.5835253521920242,0.6231804949053857,0.6111260406656013
878,0.6910480349344978,0.6919069226837351,0.5820596797671034,0.5763322425352844,0.6069868995633187,0.5919858967512674
879,0.6994177583697234,0.6994976095083393,0.590429403202329,0.5844878543612304,0.6257278020378457,0.6106426162209223
880,0.6959606986899564,0.69697686796767,0.5862445414847162,0.5806430404895022,0.6209970887918487,0.6088717525545394
881,0.6895924308588064,0.6884156379542447,0.5836972343522562,0.5749077252875975,0.6122634643377002,0.6005593839372811
882,0.6963245997088792,0.6959697820375009,0.5946142649199417,0.589392721863287,0.6191775836972343,0.6063952179284902
883,0.6866812227074236,0.6877124856378201,0.5816957787481805,0.5745352069465866,0.62372634643377,0.6073998079695558
884,0.6999636098981077,0.7015024772366639,0.5880640465793304,0.5829767301210844,0.6359170305676856,0.624248557266711
885,0.7059679767103348,0.7058184514349556,0.5940684133915575,0.5871385182511047,0.62754730713246,0.6136795280077733
886,0.6928675400291121,0.6928701434153072,0.5862445414847162,0.5813323320570186,0.6098981077147017,0.5978733290966435
887,0.6932314410480349,0.6929567255543015,0.5782387190684134,0.5712262628400842,0.6137190684133915,0.6006376534558981
888,0.6735807860262009,0.6739675984554925,0.5826055312954876,0.5770883017603243,0.6108078602620087,0.5944986028005602
889,0.6963245997088792,0.6949214511804725,0.5855167394468704,0.574754357840388,0.6162663755458515,0.6003899755809844
890,0.6963245997088792,0.6969144799709759,0.5869723435225619,0.5832886630322438,0.6118995633187773,0.5996582908691418
891,0.7048762736535662,0.7045189211518011,0.5973435225618632,0.5912553273368807,0.6195414847161572,0.6056417768377583
892,0.6897743813682679,0.6878998200162547,0.5842430858806404,0.5782158731298757,0.6122634643377002,0.6013433416736169
893,0.6941411935953421,0.6948915957319803,0.5851528384279476,0.5811746020824733,0.6109898107714702,0.5972390958859105
894,0.6952328966521106,0.6946267187243759,0.5842430858806404,0.5763806480618966,0.6131732168850073,0.5997956211253845
895,0.6892285298398836,0.6888721637174853,0.590429403202329,0.5842112212059768,0.6153566229985444,0.6008246284953186
896,0.6925036390101892,0.6932757562711899,0.5804221251819505,0.5760703026262518,0.6228165938864629,0.6073476068793912
897,0.6899563318777293,0.6914374172564605,0.5949781659388647,0.5901509570345405,0.6109898107714702,0.5968888528065248
898,0.6979621542940321,0.6988392848003327,0.5856986899563319,0.5801436640747508,0.6204512372634643,0.6081463638809769
899,0.6915938864628821,0.6924779036711582,0.5776928675400291,0.5735957339697774,0.6117176128093159,0.5956795937142234
900,0.6852256186317321,0.6843186627079177,0.5847889374090247,0.5798101929049272,0.6109898107714702,0.6021112605713625
901,0.6948689956331878,0.6952861657535264,0.5880640465793304,0.5834985982057358,0.618995633187773,0.6037089928906937
902,0.6921397379912664,0.6912479888889242,0.5867903930131004,0.578614580253559,0.6233624454148472,0.609231643254566
903,0.6908660844250364,0.6904601464114286,0.5856986899563319,0.5803697158795766,0.6209970887918487,0.6074076600239539
904,0.7010553129548762,0.7022009551173382,0.5913391557496361,0.5854090222135385,0.63264192139738,0.6187723782402866
905,0.6977802037845706,0.6982994486030497,0.5940684133915575,0.5876117451501502,0.6222707423580786,0.608705978217733
906,0.6965065502183406,0.6959695395099063,0.5947962154294032,0.5850822083405035,0.6222707423580786,0.6072151502127233
907,0.6839519650655022,0.6847950619875841,0.5836972343522562,0.5776905994092407,0.6159024745269287,0.6033346437699288
908,0.6995997088791849,0.6995339156920836,0.5831513828238719,0.5762654173999221,0.6169941775836972,0.6045219479521018
909,0.6945050946142649,0.6951766721545104,0.5802401746724891,0.5754273930045146,0.6106259097525473,0.5966714340421874
910,0.6877729257641921,0.687837171806358,0.5900655021834061,0.5849000424559311,0.6184497816593887,0.6041043264528806
911,0.7076055312954876,0.7062909279762101,0.5929767103347889,0.585357359377887,0.61863173216885,0.6050374701904538
912,0.6855895196506551,0.6867184711694114,0.5833333333333334,0.5791987848092637,0.6097161572052402,0.5952715222986809
913,0.6946870451237264,0.6936911313214598,0.5900655021834061,0.5815523030351378,0.6226346433770015,0.6108448071717821
914,0.6895924308588064,0.688526286846153,0.5884279475982532,0.5819913673090463,0.6169941775836972,0.6042513615335231
915,0.6939592430858806,0.69391224802831,0.5815138282387191,0.5758967465531932,0.6149927219796215,0.6035563246362388
916,0.6912299854439592,0.6904661370840485,0.5842430858806404,0.578340977683543,0.6206331877729258,0.6097454554515833
917,0.6957787481804949,0.6962786892212289,0.5869723435225619,0.5822429972881772,0.6117176128093159,0.5974040990195143
918,0.6935953420669578,0.6930837003828573,0.5909752547307132,0.5840414654726753,0.6108078602620087,0.5939992259020362
919,0.6945050946142649,0.6944888008247433,0.5920669577874818,0.5860767868967982,0.6155385735080058,0.6011891610701473
920,0.6877729257641921,0.6887791386017934,0.5802401746724891,0.5749325933643489,0.6253639010189228,0.6106496146692336
921,0.6879548762736536,0.689141026146285,0.5940684133915575,0.5880793451160865,0.629730713245997,0.6123131405121066
922,0.6954148471615721,0.6958817086416387,0.5944323144104804,0.5863045869414562,0.63009461426492,0.6137410046406254
923,0.6926855895196506,0.6920532666086449,0.5782387190684134,0.5720489915622453,0.6109898107714702,0.5966223698927386
924,0.6925036390101892,0.6940931178454116,0.5931586608442504,0.5886202470056093,0.6098981077147017,0.5933524050640342
925,0.6930494905385735,0.6925885080236771,0.5922489082969432,0.584692758474248,0.6259097525473072,0.6110350541000408
926,0.6959606986899564,0.6949930050786381,0.5855167394468704,0.5783023493843849,0.6106259097525473,0.59680472184814
927,0.6941411935953421,0.6930268057652932,0.5967976710334789,0.5902906864978013,0.6266375545851528,0.6108206303076656
928,0.6881368267831149,0.6887260471756376,0.5791484716157205,0.5722959095849784,0.6169941775836972,0.6001038341223012
929,0.6872270742358079,0.6854280710644104,0.5844250363901019,0.5770064976894042,0.6124454148471615,0.5984014788590949
930,0.6939592430858806,0.694881659836291,0.5826055312954876,0.5767818777248194,0.61863173216885,0.6045197224875086
931,0.6994177583697234,0.6966448683621431,0.587882096069869,0.5793841557269893,0.6120815138282387,0.6004478994533752
932,0.6864992721979621,0.6858013124763559,0.5902474526928675,0.5848630577843106,0.6251819505094615,0.6106791489791411
933,0.6941411935953421,0.6933061338705689,0.5907933042212519,0.583285317624763,0.613901018922853,0.600688174067018
934,0.6961426491994177,0.6955891406481692,0.5816957787481805,0.5766503175863281,0.6058951965065502,0.5941033074598555
935,0.6937772925764192,0.6944193803149293,0.5822416302765647,0.5764653897457835,0.62117903930131,0.6036903279811218
936,0.700509461426492,0.7001447088324136,0.5962518195050946,0.5904098199329738,0.6206331877729258,0.6061440297013528
937,0.6937772925764192,0.6919542801517524,0.5849708879184862,0.5790536671823535,0.61608442503639,0.6017276331998512
938,0.6844978165938864,0.6853251247032887,0.575509461426492,0.5694591224917563,0.6251819505094615,0.6117094879827216
939,0.6921397379912664,0.6924173326386168,0.5909752547307132,0.5860395592408402,0.6153566229985444,0.6022042078847255
940,0.6970524017467249,0.6967976835408837,0.5806040756914119,0.5759432879109636,0.6038937409024745,0.5910484836894914
941,0.6866812227074236,0.6860271896191731,0.5880640465793304,0.5821812667658547,0.6060771470160117,0.5930316549235748
942,0.6897743813682679,0.6885109003961517,0.5855167394468704,0.5792368859207923,0.6219068413391557,0.6103485747017362
943,0.6877729257641921,0.6860338562711661,0.5886098981077147,0.5819369507515533,0.610080058224163,0.5979443296479722
944,0.6974163027656477,0.6969785747464203,0.5804221251819505,0.573305686695049,0.6168122270742358,0.6026473532975819
945,0.6923216885007278,0.6927916507489328,0.5847889374090247,0.578489274901133,0.616448326055313,0.6011706347790042
946,0.6934133915574964,0.6928615249138859,0.5880640465793304,0.5835412327095004,0.6184497816593887,0.6056802129914078
947,0.6979621542940321,0.6978597490138346,0.5867903930131004,0.5792257793795809,0.63136826783115,0.6180026853596959
948,0.7023289665211062,0.701613430790677,0.587882096069869,0.5806738485036566,0.62372634643377,0.6110795883988921
949,0.7023289665211062,0.7032853995589603,0.5922489082969432,0.5870895865505054,0.632278020378457,0.6198557119469872
950,0.6906841339155749,0.6916486108312463,0.5873362445414847,0.5816623276698382,0.6248180494905385,0.6105667353236289
951,0.6908660844250364,0.6909869946630947,0.5938864628820961,0.5881940789891532,0.6188136826783115,0.6039034555654647
952,0.6921397379912664,0.6921466866001876,0.5846069868995634,0.5788713892549525,0.6195414847161572,0.6063440064005491
953,0.6986899563318777,0.7004396270997791,0.5911572052401747,0.5869256507255584,0.6331877729257642,0.6180386384831921
954,0.6897743813682679,0.6882149164226417,0.595160116448326,0.5872034401711389,0.6208151382823872,0.6081391596428986
955,0.6939592430858806,0.693786650204991,0.5835152838427947,0.5788301678595279,0.6108078602620087,0.5989648908506499
956,0.6879548762736536,0.6883538858514228,0.5942503639010189,0.5898453518552648,0.6168122270742358,0.6014145866511079
957,0.6879548762736536,0.6875903390904949,0.5833333333333334,0.5772581595340002,0.6140829694323144,0.6012912255587862
958,0.6903202328966521,0.6899752528873466,0.5822416302765647,0.5782827542300897,0.6129912663755459,0.6009978621334583
959,0.6945050946142649,0.6949856345651463,0.5915211062590975,0.584100199052039,0.6255458515283843,0.6115913055801654
960,0.6874090247452693,0.6872988695475909,0.5813318777292577,0.5752097744439378,0.6128093158660844,0.599260164662964
961,0.6932314410480349,0.6940316061716816,0.5855167394468704,0.5831481250765477,0.625,0.6141061126225931
962,0.6955967976710334,0.6959189774019597,0.5864264919941776,0.5816623768621151,0.6129912663755459,0.6007020518010918
963,0.6965065502183406,0.6954916993488243,0.5856986899563319,0.5813775029910593,0.6077147016011645,0.5962235302804003
964,0.6961426491994177,0.696168740843631,0.5960698689956332,0.5917308182438391,0.6184497816593887,0.6038393582955986
965,0.6954148471615721,0.6960019170982522,0.5813318777292577,0.5747667554279449,0.6208151382823872,0.6048400897129396
966,0.6866812227074236,0.6862580657424431,0.5824235807860262,0.5766510890287259,0.61735807860262,0.6022587201127535
967,0.6965065502183406,0.6966940153956068,0.5953420669577875,0.5876863629903363,0.6257278020378457,0.6104581946916555
968,0.7001455604075691,0.6996794691116958,0.5860625909752547,0.5813182154953592,0.6188136826783115,0.6062127298367869
969,0.7014192139737991,0.7020998578685652,0.5877001455604076,0.5834613563769654,0.6166302765647744,0.6027246159428943
970,0.6937772925764192,0.6916936634485572,0.5864264919941776,0.5799847245005711,0.618995633187773,0.604343140640507
971,0.6919577874818049,0.6918750211797815,0.5969796215429404,0.5910233221792889,0.6257278020378457,0.6101781785560944
972,0.6990538573508006,0.6979800374791777,0.5831513828238719,0.5780427910997207,0.6120815138282387,0.5991424124043756
973,0.6864992721979621,0.6863802914710538,0.5835152838427947,0.5777138845942718,0.6140829694323144,0.6008751180300242
974,0.6934133915574964,0.6938501251142709,0.5847889374090247,0.5789240237916611,0.6175400291120815,0.6009036698937651
975,0.6914119359534207,0.690277101467939,0.5844250363901019,0.5794468001711192,0.6078966521106259,0.5950044384633889
976,0.6899563318777293,0.6908138946262129,0.5795123726346434,0.5752645424214303,0.6193595342066958,0.6052501947009511
977,0.6879548762736536,0.6869631056654945,0.5906113537117904,0.5831330686186745,0.6182678311499272,0.6034942565139226
978,0.7023289665211062,0.7029700875559857,0.5847889374090247,0.5789743430639764,0.6193595342066958,0.6060562282548695
979,0.6965065502183406,0.6967836315938108,0.5786026200873362,0.5726826627674892,0.6140829694323144,0.5980875793356221
980,0.6943231441048034,0.6937533155576112,0.5875181950509462,0.5824593832733015,0.6115356622998545,0.6003172874749302
981,0.6874090247452693,0.6882798075414874,0.5871542940320232,0.5814110865429266,0.6146288209606987,0.5972906869774065
982,0.6981441048034934,0.6986892679450561,0.5889737991266376,0.582612301427876,0.62245269286754,0.609930151366367
983,0.6963245997088792,0.6951930385944328,0.5862445414847162,0.5785374402921336,0.6109898107714702,0.597189832038768
984,0.6919577874818049,0.6924011932625413,0.5889737991266376,0.5842817459813667,0.62372634643377,0.6090323270006546
985,0.6879548762736536,0.6889118800591968,0.5800582241630277,0.5768917061379208,0.61735807860262,0.603417620650007
986,0.6923216885007278,0.6922453939924091,0.5924308588064047,0.5855874615900546,0.6251819505094615,0.6119021746577281
987,0.6915938864628821,0.692914811751081,0.587882096069869,0.5833735115681683,0.6197234352256187,0.6043236034426246
988,0.6979621542940321,0.6976495684471454,0.5860625909752547,0.58084336512018,0.6091703056768559,0.594596253590844
989,0.6910480349344978,0.6903771666295545,0.5831513828238719,0.5769954470741845,0.6086244541484717,0.595412233185997
990,0.6968704512372634,0.6967345668257799,0.5880640465793304,0.5816157080140596,0.6162663755458515,0.6006882568698035
991,0.6919577874818049,0.6914240612139455,0.5791484716157205,0.5722354872653229,0.6168122270742358,0.6019999500161054
992,0.6926855895196506,0.6932459647737974,0.5844250363901019,0.5814073336546476,0.6118995633187773,0.5980139286886096
993,0.7045123726346434,0.7039636002427697,0.5782387190684134,0.5720089320506072,0.6268195050946143,0.6146130938439035
994,0.6966885007278021,0.6974567857896261,0.5855167394468704,0.5818039262784563,0.6109898107714702,0.5955958500230838
995,0.6919577874818049,0.6925056150177283,0.5793304221251819,0.5748839737411409,0.610080058224163,0.5965775904727115
996,0.7021470160116449,0.7013793362609038,0.5791484716157205,0.5741863457267691,0.6219068413391557,0.6086155328744395
997,0.6872270742358079,0.6875631627098885,0.575509461426492,0.5711351863900923,0.6155385735080058,0.6019997939674551
998,0.6948689956331878,0.6959356869353669,0.5907933042212519,0.5879490778906414,0.6179039301310044,0.6031165600374068
999,0.6823144104803494,0.6818823714376604,0.5787845705967977,0.5729657945581639,0.6084425036390102,0.5944303579151323
1000,0.6859534206695779,0.6867820452965915,0.5787845705967977,0.5724517014616602,0.6175400291120815,0.602979005281989
